-- MySQL Script generated by MySQL Workbench
-- Fri May 19 15:20:36 2023
-- Model: New Model    Version: 1.0
-- MySQL Workbench Forward Engineering

SET @OLD_UNIQUE_CHECKS=@@UNIQUE_CHECKS, UNIQUE_CHECKS=0;
SET @OLD_FOREIGN_KEY_CHECKS=@@FOREIGN_KEY_CHECKS, FOREIGN_KEY_CHECKS=0;
SET @OLD_SQL_MODE=@@SQL_MODE, SQL_MODE='TRADITIONAL,ALLOW_INVALID_DATES';

-- -----------------------------------------------------
-- Schema cine_community
-- -----------------------------------------------------
DROP SCHEMA IF EXISTS `cine_community` ;

-- -----------------------------------------------------
-- Schema cine_community
-- -----------------------------------------------------
CREATE SCHEMA IF NOT EXISTS `cine_community` DEFAULT CHARACTER SET utf8 ;
USE `cine_community` ;

-- -----------------------------------------------------
-- Table `cine_community`.`canal_filme`
-- -----------------------------------------------------
DROP TABLE IF EXISTS `cine_community`.`canal_filme` ;

CREATE TABLE IF NOT EXISTS `cine_community`.`canal_filme` (
  `id_canal_filme` INT(11) NOT NULL AUTO_INCREMENT,
  `canal_filme` VARCHAR(45) NOT NULL,
  PRIMARY KEY (`id_canal_filme`))
ENGINE = InnoDB
DEFAULT CHARACTER SET = utf8;

--
-- Despejando dados para a tabela `canal_filme`
--

INSERT INTO `canal_filme` (`id_canal_filme`, `canal_filme`) VALUES
(1, 'Netflix'),
(2, 'Amazon Prime Video'),
(3, 'Globoplay'),
(4, 'Disney+'),
(5, 'Telecine'),
(6, 'Now'),
(7, 'Paramount+'),
(8, 'HBO Max'),
(9, 'Star+');

-- -----------------------------------------------------
-- Table `cine_community`.`categoria_filme`
-- -----------------------------------------------------
DROP TABLE IF EXISTS `cine_community`.`categoria_filme` ;

CREATE TABLE IF NOT EXISTS `cine_community`.`categoria_filme` (
  `id_categoria_filme` INT(11) NOT NULL AUTO_INCREMENT,
  `categoria_filme` VARCHAR(45) NOT NULL,
  PRIMARY KEY (`id_categoria_filme`))
ENGINE = InnoDB
DEFAULT CHARACTER SET = utf8;

--
-- Despejando dados para a tabela `categoria_filme`
--

INSERT INTO `categoria_filme` (`id_categoria_filme`, `categoria_filme`) VALUES
(1, 'INFANTIL'),(2, 'ROMANCE'),(3, 'AÇÃO'),(4, 'FICÇÃO'),(5, 'TERROR'),(6, 'COMEDIA'),(7, 'DRAMA'),(8, 'FAROESTE'),(9, 'SUSPENSE');

-- -----------------------------------------------------
-- Table `cine_community`.`perfil`
-- -----------------------------------------------------
DROP TABLE IF EXISTS `cine_community`.`perfil` ;

CREATE TABLE IF NOT EXISTS `cine_community`.`perfil` (
  `id_perfil` INT NOT NULL AUTO_INCREMENT,
  `perfil_usu` VARCHAR(45) NOT NULL COMMENT 'administrador, moderador, colecionador, usuario',
  PRIMARY KEY (`id_perfil`))
ENGINE = InnoDB;

--
-- Despejando dados para a tabela `perfil`
--

INSERT INTO `perfil` (`id_perfil`, `perfil_usu`) VALUES
(1, 'Administrador'),(2, 'Moderador'),(3, 'Colecionador'),(4, 'Usuario');

-- -----------------------------------------------------
-- Table `cine_community`.`usuario`
-- -----------------------------------------------------
DROP TABLE IF EXISTS `cine_community`.`usuario` ;

CREATE TABLE IF NOT EXISTS `cine_community`.`usuario` (
  `id_usuario` INT(11) NOT NULL AUTO_INCREMENT,
  `nome_usu` VARCHAR(100) NOT NULL,
  `nickname_usu` VARCHAR(100) NULL DEFAULT NULL,
  `dt_de_nasci_usu` DATE NULL DEFAULT NULL,
  `genero_usu` ENUM('masculino', 'feminino', 'naoBinario', 'naoDeclarar') NOT NULL COMMENT 'masculino, feminino, naoBinario, naoDeclarar',
  `email_usu` VARCHAR(100) NOT NULL,
  `senha_usu` VARCHAR(60) NOT NULL,
  `situacao_usu` VARCHAR(50) NULL DEFAULT NULL COMMENT 'Ativo, Inativo ou Bloqueado\n',
  `foto_usu` VARCHAR(500) NULL DEFAULT NULL,
  `id_perfil` INT NOT NULL,
  PRIMARY KEY (`id_usuario`, `id_perfil`),
  INDEX `fk_usuario_perfil_usu1_idx` (`id_perfil` ASC),
  CONSTRAINT `fk_usuario_perfil_usu1`
    FOREIGN KEY (`id_perfil`)
    REFERENCES `cine_community`.`perfil` (`id_perfil`)
    ON DELETE NO ACTION
    ON UPDATE NO ACTION)
ENGINE = InnoDB
DEFAULT CHARACTER SET = utf8;

--
-- Despejando dados para a tabela `usuario`
--

INSERT INTO `usuario` (`id_usuario`, `nome_usu`,`nickname_usu`,`dt_de_nasci_usu`,`genero_usu`,`email_usu`,`senha_usu`,`situacao_usu`,`foto_usu`,`id_perfil`) 
VALUES
(1, 'Rafaela Medeiros da Silva',NULL,'1987-06-05','naoBinario','adm@email.com',MD5('123456'),'Ativo',NULL,1),
(2, 'Maya','Mayalice','2000-12-08','feminino','maya@email.com',MD5('123'),'Ativo',NULL,2),
(3, 'Fatima','Fafa','1999-05-12','feminino','fafa@gmail.com',MD5('Fdefatima'),'Ativo',NULL,4),
(4, 'Gabriela','GabGabi','2004-07-25','feminino','gabgabi@outlook.com',MD5('Gabgabi'),'Ativo',NULL,4);

-- -----------------------------------------------------
-- Table `cine_community`.`filme`
-- -----------------------------------------------------
DROP TABLE IF EXISTS `cine_community`.`filme` ;

CREATE TABLE IF NOT EXISTS `cine_community`.`filme` (
  `id_filme` INT(11) NOT NULL AUTO_INCREMENT,
  `nome_filme` VARCHAR(80) NOT NULL,
  `dt_de_lancamento_filme` DATE NULL DEFAULT NULL,
  `duracao_filme` TIME NULL DEFAULT NULL,
  `sinopse_filme` VARCHAR(250) NOT NULL,
  `classificacao_filme` VARCHAR(50) NOT NULL,
  `capa_filme` VARCHAR(50) NOT NULL,
  `trailer_filme` VARCHAR(50) NULL DEFAULT NULL,
  `id_categoria_filme` INT(11) NOT NULL,
  `id_canal_filme` INT(11) NOT NULL,
  `id_usuario` INT(11) NOT NULL,
  `id_perfil` INT NOT NULL,
  PRIMARY KEY (`id_filme`, `id_categoria_filme`, `id_canal_filme`, `id_usuario`, `id_perfil`),
  INDEX `fk_filme_categoria_filme1_idx` (`id_categoria_filme` ASC),
  INDEX `fk_filme_canal_filme1_idx` (`id_canal_filme` ASC),
  INDEX `fk_filme_usuario1_idx` (`id_usuario` ASC),
  INDEX `fk_filme_perfil1_idx` (`id_perfil` ASC),
  CONSTRAINT `fk_filme_canal_filme1`
    FOREIGN KEY (`id_canal_filme`)
    REFERENCES `cine_community`.`canal_filme` (`id_canal_filme`)
    ON DELETE NO ACTION
    ON UPDATE NO ACTION,
  CONSTRAINT `fk_filme_categoria_filme1`
    FOREIGN KEY (`id_categoria_filme`)
    REFERENCES `cine_community`.`categoria_filme` (`id_categoria_filme`)
    ON DELETE NO ACTION
    ON UPDATE NO ACTION,
  CONSTRAINT `fk_filme_usuario1`
    FOREIGN KEY (`id_usuario`)
    REFERENCES `cine_community`.`usuario` (`id_usuario`)
    ON DELETE NO ACTION
    ON UPDATE NO ACTION,
  CONSTRAINT `fk_filme_perfil1`
    FOREIGN KEY (`id_perfil`)
    REFERENCES `cine_community`.`perfil` (`id_perfil`)
    ON DELETE NO ACTION
    ON UPDATE NO ACTION)
ENGINE = InnoDB
DEFAULT CHARACTER SET = big5;

--
-- Despejando dados para a tabela `filme`
--

INSERT INTO `filme` (`id_filme`, `nome_filme`, `dt_de_lancamento_filme`, `duracao_filme`, `sinopse_filme`, `classificacao_filme`, `capa_filme`, `trailer_filme`, `id_canal_filme`, `id_categoria_filme`, `id_usuario`,`id_perfil`) VALUES
(1, 'Menina de Ouro', '2005-02-11', '02:12:00', 'Frankie Dunne (Clint Eastwood) passou toda a sua vida no ringue, gerenciando e treinando boxeadores de elite. Frankie costuma passar para os lutadores com quem trabalha as mesmas li??es que seguiu ao longo de sua vida: acima de tudo, proteja-se. Feri', '12', 'meninadeouro.jfif', '', 1, 3, 1,2),
(2, 'Um Dia de C?o', '1976-04-12', '02:10:00', 'Em agosto de 1972, um assalto a banco no Brooklyn chamou a aten??o da m?dia e se transformou em um show lotado. Este foi um roubo que duraria apenas dez minutos em teoria, mas algumas horas depois, os ladr?es Sonny (Al Pacino) e Sal (John Cazale) ain', '14', 'umdiadecao.jfif', '', 1, 8, 1,2),
(3, 'Aftersun', '2022-12-01', '01:42:00', 'Em Aftersun, Sophie, de onze anos, e seu pai Callum est?o de f?rias em um clube na costa da Turquia no final dos anos 90. Eles tomam banho, jogam sinuca e desfrutam da companhia amig?vel um do outro. Callum era a melhor vers?o de si mesmo quando esta', '14', 'Aftersun.jfif', '', 1, 8, 1,2),
(4, 'Inc?ndios', '2010-09-17', '02:10:00', 'Nawal, uma mulher moribunda do Oriente M?dio que vive em Montreal, deixou cartas para seus filhos g?meos lerem quando ela morreu. Jenny deve dar seu pai a um pai que ela nunca conheceu, e Simon deve dar seu pai a um irm?o que ele nunca conheceu.', '14', 'icendios.jfif', '', 1, 8, 1,2),
(5, 'Druk - Mais uma Rodada', '2020-09-24', '01:57:00', '? um filme dinamarqu?s que conta a hist?ria de quatro amigos professores que decidem embarcar em um experimento arriscado: manter um n?vel constante de ?lcool no sangue todos os dias. O experimento come?a como uma tentativa de encontrar mais prazer n', '16', 'druk.jfif', '', 1, 8, 1,2),
(6, 'A Ca?a', '2012-05-20', '01:55:00', '? um drama dinamarqu?s dirigido por Thomas Vinterberg e estrelado por Mads Mikkelsen. O filme conta a hist?ria de Lucas, um professor de jardim de inf?ncia que ? injustamente acusado de abusar sexualmente de uma crian?a. Apesar de sua inoc?ncia, Luca', '14', 'acaca.jfif', '', 1, 8, 1,2),
(7, 'Arctic', '2018-05-10', '01:37:00', 'O filme conta a hist?ria de um piloto de avi?o que fica preso em meio ao ?rtico ap?s um acidente a?reo. Ele tenta sobreviver em um ambiente hostil e desolado, lutando contra as condi??es adversas e a falta de recursos, enquanto espera pelo resgate.', '14', 'artic.jpg', '', 1, 8, 1,2),
(8, 'Bastardos Ingl?rios', '2009-10-09', '02:33:00', '? um filme de guerra dirigido por Quentin Tarantino que se passa na Fran?a ocupada pelos nazistas durante a Segunda Guerra Mundial. O filme segue um grupo de soldados judeus americanos liderados pelo Tenente Aldo Raine (interpretado por Brad Pitt), q', '18', 'bastardos.jfif', '', 1, 8, 1,2),
(9, 'A Baleia', '2023-02-26', '01:57:00', 'Segue a hist?ria de Charlie (interpretado por Brendan Fraser), um professor de ingl?s recluso que luta contra um transtorno de compuls?o alimentar e vive com obesidade severa. Ele d? aulas online, mas tem medo de ser visto e sempre deixa a webcam des', '16', 'baleia.jfif', '', 1, 8, 1,2),
(10, 'Halloween - A noite do Terror', '1978-10-25', '01:31:00', 'Michael Myers (interpretado por Tony Moran) ? um psicopata que foi internado em uma institui??o h? 15 anos, ap?s ter assassinado brutalmente sua pr?pria irm?. Apesar de estar sob cust?dia, ele consegue escapar e volta para sua cidade natal com o intu', '16', 'halloween.jfif', '', 1, 6, 1,2),
(11, 'Halloween 2 - O Pesadelo Continua', '1981-10-30', '01:45:00', 'Em Haddonfield, Illinois, na noite de Halloween de 1978, Michael Myers matou tr?s estudantes e tentou assassinar Laurie Strode. Ele foi impedido pelo psiquiatra dele, Samuel Loomis, que o feriu com seis tiros. Myers conseguiu escapar mesmo ferido, e ', '18', 'halloween2.jfif', '', 1, 6, 1,2),
(12, 'Halloween III - A Noite das Bruxas', '1982-10-22', '01:39:00', 'Um m?dico e uma jovem investigam uma empresa que fabrica m?scaras de Halloween que possuem um efeito estranho e fatal sobre as crian?as. Eles descobrem que o dono da empresa planeja us?-las em um ritual antigo para ressuscitar a era das bruxas de Sal', '16', 'halloween3.jpg', '', 1, 6, 1,2),
(13, 'Halloween 4 – O Retorno de Michael Myers', '1988-10-21', '01:28:00', 'Depois de dez anos em coma, Michael Myers escapa de um hospital psiqui?trico e retorna ? cidade de Haddonfield para continuar sua onda de assassinatos. Ele persegue sua sobrinha Jamie Lloyd, que come?a a ter vis?es dele e se comporta de maneira estra', '18', 'Halloween4poster.jpg', '', 1, 6, 1,2),
(14, 'Halloween 5 - A Vingan?a de Michael Myers', '1989-10-13', '01:36:00', 'Um ano depois dos eventos do filme anterior, Michael Myers sobrevive ? sua aparente morte e continua sua persegui??o a Jamie Lloyd, que agora est? internada em uma cl?nica psiqui?trica. Enquanto isso, o Dr. Loomis tenta capturar Myers e descobrir a o', '18', 'halloween5.jfif', '', 1, 6, 1,2),
(15, 'Halloween 6: A ?ltima Vingan?a', '1995-10-29', '01:27:00', 'Seis anos ap?s os eventos do filme anterior, Michael Myers retorna a Haddonfield para perseguir Jamie Lloyd, agora uma m?e solteira, e seu filho rec?m-nascido. Enquanto isso, um culto misterioso liderado por um homem chamado Dr. Wynn est? envolvido e', '18', 'halloween6.jpg', '', 1, 6, 1,2),
(16, 'Halloween H20: Vinte Anos Depois', '1998-08-05', '01:43:00', 'Vinte anos ap?s os eventos do filme original de Halloween, Laurie Strode (Jamie Lee Curtis), agora vivendo sob um nome falso, ? diretora de uma escola particular em um local isolado na Calif?rnia. Ela tenta levar uma vida normal com seu filho adolesc', '18', 'halloweenh20.jpg', '', 1, 6, 1,2),
(17, 'Halloween – Ressurrei??o', '2002-07-12', '01:34:00', 'Um grupo de estudantes de uma universidade ? convidado para participar de um reality show transmitido ao vivo na internet em que eles precisam passar a noite na casa onde Michael Myers supostamente cresceu. Mas o que eles n?o sabem ? que Michael Myer', '18', 'halloweenre.jpg', '', 1, 6, 1,2),
(18, 'Halloween – O In?cio', '2007-08-31', '02:01:00', 'Este filme ? um reboot da s?rie \"Halloween\" e conta a hist?ria de Michael Myers quando ele era crian?a, mostrando como ele se tornou um assassino em s?rie. O filme segue a inf?ncia de Michael Myers, que foi abusado pela m?e e pelo padrasto e passou p', '18', 'halloween1.jfif', '', 1, 6, 1,2),
(19, 'Halloween II (remake)', '2009-08-28', '01:45:00', 'O filme continua a hist?ria de Michael Myers e Laurie Strode ap?s os eventos do filme anterior. Laurie tenta lidar com os traumas que sofreu e come?a a ter vis?es de Michael. Enquanto isso, Michael sobrevive ao tiroteio da pol?cia e segue sua jornada', '18', 'halloween-ii.jfif', '', 1, 6, 1,2),
(20, 'Halloween(remake)', '2018-10-19', '01:46:00', 'O filme ? uma sequ?ncia direta do filme original de 1978 e ignora todos os outros filmes da franquia \"Halloween\". A hist?ria se passa 40 anos ap?s os eventos do filme original e mostra Laurie Strode (interpretada novamente por Jamie Lee Curtis) prepa', '18', 'halloween11.jfif', '', 1, 6, 1,2),
(21, 'Halloween Kills: O Terror Continua', '2021-10-15', '01:45:00', 'O filme ? uma sequ?ncia direta de \"Halloween\" (remake) de 2018 e mostra a continua??o da hist?ria de Laurie Strode e sua fam?lia enquanto enfrentam novamente Michael Myers, que sobreviveu ao inc?ndio na casa de Laurie. A cidade de Haddonfield agora e', '18', 'kills.png', '', 1, 6, 1,2),
(22, 'Halloween Ends', '2022-10-14', '01:51:00', 'O filme ? o terceiro e ?ltimo da trilogia iniciada com \"Halloween\" (2018) e seguida por \"Halloween Kills\" (2021). A trama acompanha Laurie Strode e sua fam?lia em um confronto final contra Michael Myers, que j? causou muitas mortes e destrui??o em Ha', '18', 'ends.jpg', '', 1, 6, 1,2),
(23, 'Um Lugar Silencioso', '2018-04-05', '01:30:00', 'Em um futuro p?s-apocal?ptico, a humanidade ? dizimada por criaturas misteriosas que s?o cegas mas t?m um senso agu?ado de audi??o. Uma fam?lia tenta sobreviver em meio ao sil?ncio absoluto, enquanto tenta evitar chamar a aten??o das criaturas.', '14', 'umlugarsilencioso2.jpg', '', 1, 6, 1,2),
(24, 'Um Lugar Silencioso - Parte II', '2021-05-28', '01:37:00', 'Na continua??o, a fam?lia Abbott continua a enfrentar as criaturas que ca?am pela audi??o, enquanto tenta sobreviver em um mundo p?s-apocal?ptico. O filme tamb?m explora a hist?ria de outros personagens, como um grupo de sobreviventes liderado por Em', '12', 'umlugarsilencioso.jpg', '', 1, 6, 1,2),
(26, 'Os Imperdo?veis', '1992-08-07', '02:11:00', 'O filme conta a hist?ria de William Munny (Clint Eastwood), um antigo pistoleiro que agora vive como fazendeiro vi?vo com seus filhos. Quando uma jovem prostituta ? brutalmente espancada por um dos clientes em um bordel, outras prostitutas decidem co', '14', 'imperdoaveis.jfif', '', 1, 9, 1,2),
(27, 'Tr?s Homens em Conflito', '1966-12-23', '02:41:00', ' A hist?ria come?a com \"O Bom\" (Clint Eastwood), um pistoleiro solit?rio que est? em busca de uma fortuna em ouro. \"O Mau\" (Lee Van Cleef), outro pistoleiro experiente, est? atr?s da mesma fortuna e se alia a \"O Feio\" (Eli Wallach), um ladr?o mexican', '14', 'treshomens.jfif', '', 1, 9, 1,2),
(28, 'Django Livre', '2012-12-25', '02:45:00', ' Se passa no sul dos Estados Unidos, dois anos antes da Guerra Civil Americana. Django (Jamie Foxx) ? um escravo liberto que se une a um ca?ador de recompensas alem?o chamado Dr. King Schultz (Christoph Waltz) para encontrar e libertar sua esposa, Br', '16', 'django.jpg', '', 1, 9, 1,2),
(29, 'O Regresso', '2015-12-25', '02:36:00', ' Conta a hist?ria do explorador Hugh Glass (Leonardo DiCaprio), que ? atacado por um urso e deixado para morrer por sua equipe. Apesar dos ferimentos graves, Glass sobrevive e inicia uma jornada ?pica de vingan?a contra seus companheiros, liderados p', '16', 'oregresso.png', '', 1, 9, 1,2),
(30, 'A Salva??o', '2014-05-17', '01:40:00', ' A trama se passa na Am?rica do Norte do final do s?culo XIX e segue a hist?ria de Jon (Mads Mikkelsen), um imigrante dinamarqu?s que vive em uma comunidade de fazendeiros em terras ?ridas. Quando sua esposa e filho s?o brutalmente assassinados, Jon ', '16', 'asalvacao.png', '', 1, 9, 1,2),
(31, 'Terra Sem Lei', '2016-12-10', '01:40:00', ' A trama se passa no final do s?culo XIX em uma regi?o remota do oeste americano, onde uma jovem chamada Liz (Dakota Fanning) busca vingan?a contra um pastor fan?tico e seus seguidores, que acreditam em castigo divino e aterrorizam a comunidade local', '16', 'terra-sem-lei-poster.png', '', 1, 9, 1,2),
(32, 'A marca da Forca', '1968-07-31', '01:56:00', ' O filme conta a hist?ria de um cowboy chamado Jed Cooper (Clint Eastwood), que ? injustamente acusado de roubo e assassinato e, em seguida, sentenciado ? forca. Ele consegue sobreviver e ? encontrado por um juiz que lhe oferece um cargo de xerife, d', '16', 'amarcadaforca.jpg', '', 1, 9, 1,2),
(33, 'Onde os Fracos N?o T?m Vez', '2007-11-21', '02:02:00', 'A hist?ria se passa em 1980, no Texas. Llewelyn Moss (interpretado por Josh Brolin) encontra uma mala cheia de dinheiro ap?s um tiroteio que ocorreu nas proximidades e decide ficar com o dinheiro. Logo, ele ? perseguido por um assassino implac?vel, A', '16', 'ondeosfracosnaotemvez.jfif', '', 1, 9, 1,2),
(34, 'Bravura Ind?mita', '2010-12-22', '01:50:00', ' A hist?ria se passa em 1870, no Velho Oeste americano. A adolescente Mattie Ross (interpretada por Hailee Steinfeld) contrata o xerife Rooster Cogburn (interpretado por Jeff Bridges), um homem dur?o e b?bado, para encontrar e capturar o homem que ma', '16', 'bravuraindomita.jpg', '', 1, 9, 1,2),
(35, 'Era uma Vez no Oeste', '1968-12-21', '02:45:00', '  A hist?ria se passa no Velho Oeste americano e gira em torno de um conflito entre um bando de assassinos liderados por Frank (interpretado por Henry Fonda) e uma mulher misteriosa chamada Jill (interpretada por Claudia Cardinale), que herda terras ', '14', 'era-uma-vez-no-oeste-poster-1.jpg', '', 1, 9, 1,2),
(36, 'Por um Punhado de D?lares', '1964-09-12', '01:39:00', '   O filme conta a hist?ria de Joe (Clint Eastwood), um pistoleiro que chega a uma cidade fronteiri?a dominada por duas gangues rivais. Joe decide usar a rivalidade entre as gangues para seu pr?prio benef?cio, mas acaba se envolvendo em uma trama per', '14', 'porumpunhadodedolares.jfif', '', 1, 9, 1,2),
(37, 'Me Chame Pelo Seu Nome', '2017-11-24', '02:10:00', '   O filme se passa na It?lia no ver?o de 1983 e conta a hist?ria de Elio (Timoth?e Chalamet), um jovem de 17 anos que se apaixona por Oliver (Armie Hammer), um acad?mico americano de 24 anos que est? hospedado na casa de Elio como assistente de pesq', '14', 'mechamepelonome.jfif', '', 1, 2, 1,2),
(38, 'As Pontes de Madison', '1995-06-02', '02:15:00', '  O filme ? baseado no romance hom?nimo de Robert James Waller e conta a hist?ria de Francesca Johnson (Meryl Streep), uma dona de casa do interior de Iowa que vive uma vida mon?tona com seu marido e filhos. Um dia, enquanto seu marido e filhos est?o', '12', 'pontedemadison.jpg', '', 1, 2, 1,2),
(39, 'Di?rio de uma Paix?o', '2004-06-25', '02:01:00', '  O filme conta a hist?ria de Noah Calhoun (Ryan Gosling) e Allie Hamilton (Rachel McAdams), que se apaixonam no ver?o de 1940. Os dois s?o de mundos diferentes e a fam?lia de Allie n?o aprova o relacionamento, ent?o eles se separam. Anos depois, All', '14', 'diariodeumapaixao.jpg', '', 1, 2, 1,2),
(40, 'Uma Linda Mulher', '1990-03-23', '01:59:00', ' O filme conta a hist?ria de Edward Lewis (Richard Gere), um rico empres?rio que est? em Los Angeles a neg?cios e acaba se perdendo na cidade. Ele conhece Vivian Ward (Julia Roberts), uma prostituta que lhe oferece ajuda para encontrar o caminho de v', '12', 'umalindamulher.webp', '', 1, 2, 1,2),
(41, 'Orgulho e Preconceito', '2005-09-16', '02:07:00', '  O filme conta a hist?ria das irm?s Bennet, que vivem na Inglaterra rural no final do s?culo XVIII. Quando o rico e misterioso Mr. Bingley aluga uma propriedade pr?xima, as irm?s se preparam para o baile que ser? realizado em sua honra. ? l? que Eli', '12', 'orgulho-e-preconceito-19.jpg', '', 1, 2, 1,2),
(42, '10 Coisas que Eu Odeio em Voce', '1999-03-31', '01:37:00', '  Cameron James, um estudante novo na escola secund?ria Padua, se apaixona por Bianca Stratford. No entanto, o pai super protetor de Bianca estabeleceu uma regra que ela n?o pode namorar a menos que sua irm? mais velha, a durona Kat, tamb?m esteja na', '10', '10-coisas-que-eu-odeio-em-voce.png', '', 1, 2, 1,2),
(43, 'Como Se Fosse a Primeira Vez', '2004-02-13', '01:39:00', '  Henry Roth ? um veterin?rio marinho que vive no Hava? e se apaixona por Lucy Whitmore, uma mulher que sofre de perda de mem?ria de curto prazo e acorda todas as manh?s sem se lembrar do dia anterior. Henry tem que conquist?-la todos os dias e faz?-', '10', 'comosefosseaprimeriavez.jpg', '', 1, 2, 1,2),
(44, 'Os Segredos de Brokeback Mountain', '2005-12-02', '02:14:00', '  Ennis Del Mar e Jack Twist s?o contratados para trabalhar como pastores em Brokeback Mountain. Durante o isolamento e a solid?o do trabalho, eles se aproximam e se apaixonam, iniciando um relacionamento secreto que dura anos. Ap?s um longo per?odo ', '14', 'O-Segredo-de-Brokeback-Mountain.webp', '', 1, 2, 1,2),
(45, 'Alerta Maximo\r\n', '2023-01-23', '01:47:00', 'O piloto Brodie Torrance salva seus passageiros de um raio pousando em uma ilha. Os moradores rebeldes e perigosos do local fazem a tripulacao refem e Torrance procura ajuda de um passageiro acusado de assassinato.', '14', 'alertamaximo.jfif', '', 1, 3, 1,2),
(46, 'Invas?o ao Servi?o Secreto\r\n', '2019-11-14', '02:01:00', 'Dedicado e sempre focado em seu trabalho, o agente do Servi?o Secreto Mike Banning v? sua vida mudar completamente da noite para o dia ao ser acusado de conspirar para o assassinato do presidente dos Estados Unidos. Quando percebe que todos est?o atr', '14', 'invasaoaoservicosecreto.jpg', '', 1, 3, 1,2),
(47, 'A Cinco Passos de Voc?', '2019-03-21', '01:57:00', 'Stella passa muito tempo no hospital por causa de uma fibrose c?stica. L?, ela conhece Will, que sofre da mesma doen?a. Eles s?o obrigados a manter dist?ncia, mas mesmo assim se apaixonam.\r\n', '12', 'acincopassosdevoce.webp', '', 1, 2, 1,2),
(48, 'Como Eu Era Antes de Voc?', '2016-06-16', '01:46:00', 'De origem modesta e sem grandes aspira??es, a peculiar Louisa Clark ? contratada para ser cuidadora de Will, um jovem tetrapl?gico depressivo e c?nico.\r\n', '12', 'comoeueraantesdevoce.jfif', '', 1, 2, 1,2),
(49, 'Ghosted: Sem Resposta', '2023-04-21', '01:56:00', 'Traduzido do ingl?s-Ghosted ? um filme americano de com?dia rom?ntica de a??o e aventura de 2023, dirigido por Dexter Fletcher e escrito por Rhett Reese, Paul Wernick, Chris McKenna e Erik Sommers, a partir de uma hist?ria de Reese e Wernick. O filme', '12', 'ghosted-sem-resposta-poster.jpg', '', 3, 2, 1,2),
(50, 'Ghost - Do Outro Lado da Vida', '1990-11-01', '02:02:00', 'Sam Wheat ? um jovem executivo apaixonado por sua namorada, Molly. Ele acaba morto em um assalto, mas seu esp?rito n?o vai para o outro plano e descobre que Molly tamb?m corre perigo. Para salv?-la, Sam pede ajuda a uma m?dium que consegue ouvi-lo.\r\n', '14', 'ghost.jfif', '', 3, 2, 1,2),
(51, 'Atrav?s da Minha Janela', '2022-02-04', '01:52:00', 'Raquel ? apaixonada pelo seu vizinho, Ares, um rapaz frio que vive em um mundo completamente diferente do seu. Por?m, o acaso acaba unindo os dois, que se veem envolvidos em uma trama de desejo e amor.\r\n', '16', 'atravesdaminhajanela.jfif', '', 3, 2, 1,2),
(52, 'Vizinhan?a do Barulho', '1996-01-12', '01:34:00', 'Ashtray retorna ? sua cidade natal e se reencontra com seu pai e os amigos com quem costumava jogar basquete. No entanto, a par?dia dos filmes afro-americanos rapidamente se desenrola, trazendo ? tona eventos estranhos e absurdos.', '16', 'vizinhancadobarulho.jpg', '', 1, 6, 1,2),
(53, 'As Branquelas\r\n', '2004-08-27', '01:49:00', 'Marcus e Kevin Copeland, irm?os e agentes do FBI, acabam inadvertidamente prejudicando uma opera??o de pris?o de criminosos envolvidos com drogas. Em consequ?ncia, s?o obrigados a escoltar duas socialites para os Hamptons. No entanto, quando as garot', '12', 'asbranquelas.jpg', '', 1, 6, 1,2),
(54, 'Norbit - Uma Comedia de Peso', '2007-02-09', '01:43:00', 'Norbit ? um homem solit?rio que cresceu em um orfanato e se casou com a terr?vel Rasputia, uma mulher rude e agressiva que o trata mal e o impede de realizar seus sonhos. Quando Norbit reencontra sua paix?o de inf?ncia, Kate, ele come?a a ter esperan', '12', 'norbit.jpg', '', 1, 6, 1,2),
(55, 'O Pequenino', '2006-07-14', '01:38:00', 'Calvin, um an?o que acabou de sair da pris?o, planeja um novo assalto a uma joalheria e acaba sendo perseguido pela pol?cia. Em sua fuga, esconde um valioso diamante na bolsa de Vanessa, cujo marido, Darryl, est? desesperado para ter um filho. Para r', '12', 'opequenino.jpg', '', 1, 6, 1,2),
(56, 'Projeto X - Uma Festa Fora de Controle', '2012-03-16', '01:28:00', 'Projeto X ? um filme de com?dia e drama que segue tr?s amigos do ensino m?dio que decidem realizar a festa mais ?pica da hist?ria, na tentativa de se tornarem populares e impressionar suas paix?es. A festa come?a pequena, mas rapidamente sai do contr', '18', 'projetox.jpg', '', 1, 6, 1,2),
(57, 'American Pie — A Primeira Vez e Inesquecivel\r\n', '1999-10-29', '01:35:00', 'Jim Levenstein, Kevin Myers, Oz Ostreicher e Paul Finch s?o quatro amigos que est?o prestes a se formar no ensino m?dio e ainda s?o virgens. Enquanto tentam de todas as formas poss?veis ter rela??es sexuais com suas namoradas, procuram por mulheres n', '14', 'americanpie.jpg', '', 1, 6, 1,2),
(58, 'American Pie 2 - A Segunda Vez e Ainda Melhor\r\n', '2001-12-21', '01:50:00', 'Depois de um ano separados - frequentando escolas diferentes e conhecendo pessoas diferentes - os rapazes alugam uma casa de praia e prometem que ser? o melhor ver?o de todos os tempos. Mas, para que isso aconte?a, vai depender das garotas. Entre fes', '14', 'americanpie2.jpg', '', 1, 6, 1,2),
(59, 'Superbad - e Hoje', '2007-10-19', '01:59:00', 'Superbad ? uma com?dia americana que acompanha a hist?ria de dois amigos insepar?veis, Seth e Evan, que est?o prestes a se formar no ensino m?dio e se preparam para seguir caminhos diferentes na faculdade. Antes disso, eles decidem se divertir em uma', '14', 'superbad.jpg', '', 1, 6, 1,2),
(60, 'Sexta-Feira em Apuros', '1995-07-14', '01:37:00', '? uma com?dia americana de 1995, dirigida por F. Gary Gray. A hist?ria segue o personagem principal Craig Jones, um jovem de vinte e poucos anos que est? desempregado e passando o dia de folga com seu amigo Smokey em um bairro de Los Angeles. Quando ', '16', 'sextafeira.jpg', '', 1, 6, 1,2),
(61, 'EuroTrip - Passaporte para a Confusao', '2004-02-20', '01:33:00', 'Eurotrip ? uma com?dia adolescente que conta a hist?ria de Scott Thomas, um jovem americano que, depois de se formar no ensino m?dio, ? dispensado pela namorada e decide viajar para a Europa com os amigos para esquecer os problemas. Juntos, eles emba', '16', 'eurotrip.jpg', '', 1, 6, 1,2),
(62, 'Se Beber, Nao Case!\r\n', '2009-08-21', '01:40:00', '"Se Beber, N?o Case" ? uma com?dia americana que segue a hist?ria de quatro amigos que viajam para Las Vegas para celebrar a despedida de solteiro de um deles. Eles acordam na manh? seguinte sem mem?ria da noite anterior e descobrem que o noivo est? ', '14', 'sebebernaocase.jpg', '', 1, 6, 1,2),
(63, 'Se Beber, Nao Case! Parte II', '2011-05-27', '01:42:00', 'Na sequ?ncia de "Se Beber, N?o Case", Phil, Stu, Alan e Doug viajam para a Tail?ndia para celebrar o casamento de Stu. No entanto, depois de uma noite de festa, eles acordam em um quarto de hotel sem lembrar do que aconteceu. Para piorar a situa??o, ', '16', 'sebebernaocase2_3.jpg', '', 1, 6, 1,2);

-- -----------------------------------------------------
-- Table `cine_community`.`favorito`
-- -----------------------------------------------------
DROP TABLE IF EXISTS `cine_community`.`favorito` ;

CREATE TABLE IF NOT EXISTS `cine_community`.`favorito` (
  `id_favorito` INT(11) NOT NULL AUTO_INCREMENT,
  `favorito` TINYINT(2) NULL DEFAULT NULL COMMENT 'inativo\nativo',
  `id_usuario` INT(11) NOT NULL,
  `id_perfil` INT NOT NULL,
  `id_filme` INT(11) NOT NULL,
  `id_categoria_filme` INT(11) NOT NULL,
  `id_canal_filme` INT(11) NOT NULL,
 PRIMARY KEY (`id_favorito`,`id_filme`, `id_usuario`,`id_perfil`,`id_categoria_filme`,`id_canal_filme`),
  INDEX `fk_favorito_favorito1_idx` (`id_favorito` ASC),
  INDEX `fk_favorito_filme1_idx` (`id_filme` ASC),
  INDEX `fk_favorito_usuario1_idx` (`id_usuario` ASC),
  INDEX `fk_favorito_perfil1_idx` (`id_perfil` ASC),
  INDEX `fk_favorito_categoria_filme1_idx` (`id_categoria_filme` ASC),
  INDEX `fk_favorito_canal_filme1_idx` (`id_canal_filme` ASC),
  CONSTRAINT `fk_favorito_usuario1`
    FOREIGN KEY (`id_usuario`)
    REFERENCES `cine_community`.`usuario` (`id_usuario`)
    ON DELETE NO ACTION
    ON UPDATE NO ACTION,
  CONSTRAINT `fk_favorito_filme1`
    FOREIGN KEY (`id_filme`)
    REFERENCES `cine_community`.`filme` (`id_filme`)
    ON DELETE NO ACTION
    ON UPDATE NO ACTION,
  CONSTRAINT `fk_favorito_perfil1`
    FOREIGN KEY (`id_perfil`)
    REFERENCES `cine_community`.`perfil` (`id_perfil`)
    ON DELETE NO ACTION
    ON UPDATE NO ACTION,
  CONSTRAINT `fk_favorito_categoria__filme1`
    FOREIGN KEY (`id_categoria_filme`)
    REFERENCES `cine_community`.`categoria_filme` (`id_categoria_filme`)
    ON DELETE NO ACTION
    ON UPDATE NO ACTION,
  CONSTRAINT `fk_favorito_canal_filme1`
    FOREIGN KEY (`id_canal_filme`)
    REFERENCES `cine_community`.`canal_filme` (`id_canal_filme`)
    ON DELETE NO ACTION
    ON UPDATE NO ACTION)
ENGINE = InnoDB
DEFAULT CHARACTER SET = utf8;


-- -----------------------------------------------------
-- Table `cine_community`.`resenha`
-- -----------------------------------------------------
DROP TABLE IF EXISTS `cine_community`.`resenha` ;

CREATE TABLE IF NOT EXISTS `cine_community`.`resenha` (
  `id_resenha` INT(11) NOT NULL AUTO_INCREMENT,
  `avaliacao_res` VARCHAR(50) NULL DEFAULT NULL,
  `titulo_res` VARCHAR(45) NULL DEFAULT NULL,
  `descricao_res` VARCHAR(1500) NULL DEFAULT NULL,
  `dt_hora_res` TIMESTAMP NULL DEFAULT NULL,
  `denuncia_res` VARCHAR(50) NULL DEFAULT NULL,
  `situacao_res` VARCHAR(50) NULL DEFAULT NULL COMMENT 'ativo, inativo ou bloqueado\n',
  `id_usuario` INT(11) NOT NULL,
  `id_perfil` INT NOT NULL,
  `id_filme` INT(11) NOT NULL,
  `id_categoria_filme` INT(11) NOT NULL,
  `id_canal_filme` INT(11) NOT NULL,
  PRIMARY KEY (`id_resenha`, `id_usuario`, `id_perfil`, `id_filme`, `id_categoria_filme`, `id_canal_filme`),
  INDEX `fk_resenha_usuario1_idx` (`id_usuario` ASC),
  INDEX `fk_resenha_filme1_idx` (`id_filme` ASC),
  INDEX `fk_resenha_perfil1_idx` (`id_perfil` ASC),
  INDEX `fk_resenha_categoria_filme1_idx` (`id_categoria_filme` ASC),
  INDEX `fk_resenha_canal_filme1_idx` (`id_canal_filme` ASC),
  CONSTRAINT `fk_resenha_usuario1`
    FOREIGN KEY (`id_usuario`)
    REFERENCES `cine_community`.`usuario` (`id_usuario`)
    ON DELETE NO ACTION
    ON UPDATE NO ACTION,
  CONSTRAINT `fk_resenha_filme1`
    FOREIGN KEY (`id_filme`)
    REFERENCES `cine_community`.`filme` (`id_filme`)
    ON DELETE NO ACTION
    ON UPDATE NO ACTION,
  CONSTRAINT `fk_resenha_perfil1`
    FOREIGN KEY (`id_perfil`)
    REFERENCES `cine_community`.`perfil` (`id_perfil`)
    ON DELETE NO ACTION
    ON UPDATE NO ACTION,
  CONSTRAINT `fk_resenha_categoria__filme1`
    FOREIGN KEY (`id_categoria_filme`)
    REFERENCES `cine_community`.`categoria_filme` (`id_categoria_filme`)
    ON DELETE NO ACTION
    ON UPDATE NO ACTION,
  CONSTRAINT `fk_resenha_canal_filme1`
    FOREIGN KEY (`id_canal_filme`)
    REFERENCES `cine_community`.`canal_filme` (`id_canal_filme`)
    ON DELETE NO ACTION
    ON UPDATE NO ACTION)
ENGINE = InnoDB
DEFAULT CHARACTER SET = utf8;

--
-- Despejando dados para a tabela `resenha`
--

INSERT INTO `resenha` (`id_resenha`, `avaliacao_res`, `titulo_res`, `descricao_res`, `dt_hora_res`, `denuncia_res`, `situacao_res`, `id_filme`, `id_usuario`, `id_perfil`,`id_categoria_filme`,`id_canal_filme`) VALUES
(1, NULL, 'comédia romântica', 'Acho que me pareço com a Kat que é uma jovem inteligente e independente que odeia o colégio e tem uma personalidade forte. Muito eu!', '2011-05-27 01:42:00', NULL, 'ativo', 42, 3,1,2,2),
(2, NULL, 'comédia romântica', 'E eu pareço com a  Bianca!', '2011-05-27 01:42:00', NULL, 'ativo', 42, 4,1,2,2);

-- -----------------------------------------------------
-- Table `cine_community`.`categoria_item`
-- -----------------------------------------------------
DROP TABLE IF EXISTS `cine_community`.`categoria_item` ;

CREATE TABLE IF NOT EXISTS `cine_community`.`categoria_item` (
  `id_categoria_item` INT NOT NULL AUTO_INCREMENT,
  `categoria_item` VARCHAR(45) NOT NULL,
  PRIMARY KEY (`id_categoria_item`))
ENGINE = InnoDB;


-- -----------------------------------------------------
-- Table `cine_community`.`item`
-- -----------------------------------------------------
DROP TABLE IF EXISTS `cine_community`.`item` ;

CREATE TABLE IF NOT EXISTS `cine_community`.`item` (
  `id_item` INT NOT NULL AUTO_INCREMENT,
  `nome_item` VARCHAR(50) NOT NULL,
  `descricao_item` VARCHAR(45) NOT NULL,
  `preco_item` VARCHAR(45) NOT NULL,
  `foto_item` VARCHAR(45) NOT NULL,
  `total_item` VARCHAR(45) NOT NULL,
  `id_categoria_item` INT NOT NULL,
  `id_usuario` INT(11) NOT NULL,
  `id_perfil` INT NOT NULL,
  PRIMARY KEY (`id_item`, `id_categoria_item`, `id_usuario`, `id_perfil`),
  INDEX `fk_item_categoria_item1_idx` (`id_categoria_item` ASC),
  INDEX `fk_item_usuario1_idx` (`id_usuario` ASC),
  INDEX `fk_item_perfil1_idx` (`id_perfil` ASC),
  CONSTRAINT `fk_item_categoria_item1`
    FOREIGN KEY (`id_categoria_item`)
    REFERENCES `cine_community`.`categoria_item` (`id_categoria_item`)
    ON DELETE NO ACTION
    ON UPDATE NO ACTION,
  CONSTRAINT `fk_item_usuario1`
    FOREIGN KEY (`id_usuario`)
    REFERENCES `cine_community`.`usuario` (`id_usuario`)
    ON DELETE NO ACTION
    ON UPDATE NO ACTION,
  CONSTRAINT `fk_item_perfil1`
    FOREIGN KEY (`id_perfil`)
    REFERENCES `cine_community`.`perfil` (`id_perfil`)
    ON DELETE NO ACTION
    ON UPDATE NO ACTION)
ENGINE = InnoDB;


-- -----------------------------------------------------
-- Table `cine_community`.`carrinho_de_compra`
-- -----------------------------------------------------
DROP TABLE IF EXISTS `cine_community`.`carrinho_de_compra` ;

CREATE TABLE IF NOT EXISTS `cine_community`.`carrinho_de_compra` (
  `id_carrinho_de_compra` INT NOT NULL AUTO_INCREMENT,
  `quantidade_compra` VARCHAR(2) NOT NULL,
  `dt_e_hora` TIMESTAMP NOT NULL,
  `id_item` INT NOT NULL,
  `id_categoria_item` INT NOT NULL,
  `id_usuario` INT(11) NOT NULL,
  `id_perfil` INT NOT NULL,
  PRIMARY KEY (`id_carrinho_de_compra`, `id_item`, `id_categoria_item`, `id_usuario`, `id_perfil`),
  INDEX `fk_carrinho_de_compra_item1_idx` (`id_item` ASC),
  INDEX `fk_carrinho_de_compra_categoria_item1_idx` (`id_categoria_item` ASC),
  INDEX `fk_carrinho_de_compra_usuario1_idx` (`id_usuario` ASC),
  INDEX `fk_carrinho_de_compra_peril1_idx` (`id_perfil` ASC),
  CONSTRAINT `fk_carrinho_de_compra_item1`
    FOREIGN KEY (`id_item`)
    REFERENCES `cine_community`.`item` (`id_item`)
    ON DELETE NO ACTION
    ON UPDATE NO ACTION,
  CONSTRAINT `fk_carrinho_de_compra_categoria_item1`
    FOREIGN KEY (`id_categoria_item`)
    REFERENCES `cine_community`.`categoria_item` (`id_categoria_item`)
    ON DELETE NO ACTION
    ON UPDATE NO ACTION,
  CONSTRAINT `fk_carrinho_de_compra_usuario1`
    FOREIGN KEY (`id_usuario`)
    REFERENCES `cine_community`.`usuario` (`id_usuario`)
    ON DELETE NO ACTION
    ON UPDATE NO ACTION,
  CONSTRAINT `fk_carrinho_de_compra_perfil1`
    FOREIGN KEY (`id_perfil`)
    REFERENCES `cine_community`.`perfil` (`id_perfil`)
    ON DELETE NO ACTION
    ON UPDATE NO ACTION)
ENGINE = InnoDB;


-- -----------------------------------------------------
-- Table `cine_community`.`transacao`
-- -----------------------------------------------------
DROP TABLE IF EXISTS `cine_community`.`transacao` ;

CREATE TABLE IF NOT EXISTS `cine_community`.`transacao` (
  `id_transacao` INT NOT NULL AUTO_INCREMENT,
  `tipo_transacao` ENUM('compra', 'venda', 'troca') NOT NULL,
  `dt_e_hora` TIMESTAMP NOT NULL,
  `status_transacao` ENUM('pendente', 'concluida', 'cancelada') NOT NULL,
  `valor_total` VARCHAR(45) NOT NULL,
  `id_carrinho_de_compra` INT NOT NULL,
  `id_item` INT NOT NULL,
  `id_categoria_item` INT NOT NULL,
  `id_usuario` INT(11) NOT NULL,
  `id_perfil` INT NOT NULL,
  PRIMARY KEY (`id_transacao`, `id_carrinho_de_compra`, `id_item`, `id_categoria_item`, `id_usuario`, `id_perfil`),
  INDEX `fk_transacao_carrinho_de_compra1_idx` (`id_carrinho_de_compra` ASC),
  INDEX `fk_transacao_item1_idx` (`id_item` ASC),
  INDEX `fk_transacao_categoria_item1_idx` (`id_categoria_item` ASC),
  INDEX `fk_transacao_usuario1_idx` (`id_usuario` ASC),
  INDEX `fk_transacao_peril1_idx` (`id_perfil` ASC),
  CONSTRAINT `fk_transacao_carrinho_de_compra1`
    FOREIGN KEY (`id_carrinho_de_compra`)
    REFERENCES `cine_community`.`carrinho_de_compra` (`id_carrinho_de_compra`)
    ON DELETE NO ACTION
    ON UPDATE NO ACTION,
  CONSTRAINT `fk_transacao_item1`
    FOREIGN KEY (`id_item`)
    REFERENCES `cine_community`.`item` (`id_item`)
    ON DELETE NO ACTION
    ON UPDATE NO ACTION,
  CONSTRAINT `fk_transacao_categoria_item1`
    FOREIGN KEY (`id_categoria_item`)
    REFERENCES `cine_community`.`categoria_item` (`id_categoria_item`)
    ON DELETE NO ACTION
    ON UPDATE NO ACTION,
  CONSTRAINT `fk_transacao_usuario1`
    FOREIGN KEY (`id_usuario`)
    REFERENCES `cine_community`.`usuario` (`id_usuario`)
    ON DELETE NO ACTION
    ON UPDATE NO ACTION,
  CONSTRAINT `fk_transacao_perfil1`
    FOREIGN KEY (`id_perfil`)
    REFERENCES `cine_community`.`perfil` (`id_perfil`)
    ON DELETE NO ACTION
    ON UPDATE NO ACTION)
ENGINE = InnoDB;


SET SQL_MODE=@OLD_SQL_MODE;
SET FOREIGN_KEY_CHECKS=@OLD_FOREIGN_KEY_CHECKS;
SET UNIQUE_CHECKS=@OLD_UNIQUE_CHECKS;
