-- MySQL Script generated by MySQL Workbench
-- Sun Jun  4 23:59:04 2023
-- Model: New Model    Version: 1.0
-- MySQL Workbench Forward Engineering

SET @OLD_UNIQUE_CHECKS=@@UNIQUE_CHECKS, UNIQUE_CHECKS=0;
SET @OLD_FOREIGN_KEY_CHECKS=@@FOREIGN_KEY_CHECKS, FOREIGN_KEY_CHECKS=0;
SET @OLD_SQL_MODE=@@SQL_MODE, SQL_MODE='TRADITIONAL,ALLOW_INVALID_DATES';

-- -----------------------------------------------------
-- Schema default_schema
-- -----------------------------------------------------
-- -----------------------------------------------------
-- Schema cine_community
-- -----------------------------------------------------
DROP SCHEMA IF EXISTS `cine_community` ;

-- -----------------------------------------------------
-- Schema cine_community
-- -----------------------------------------------------
CREATE SCHEMA IF NOT EXISTS `cine_community` DEFAULT CHARACTER SET utf8 ;
USE `cine_community` ;

-- -----------------------------------------------------
-- Table `cine_community`.`canal_filme`
-- -----------------------------------------------------
DROP TABLE IF EXISTS `cine_community`.`canal_filme` ;

CREATE TABLE IF NOT EXISTS `cine_community`.`canal_filme` (
  `id_canal_filme` INT(11) NOT NULL AUTO_INCREMENT,
  `canal_filme` VARCHAR(45) NOT NULL,
  PRIMARY KEY (`id_canal_filme`))
ENGINE = InnoDB
DEFAULT CHARACTER SET = utf8;

--
-- Despejando dados para a tabela `canal_filme`
--

INSERT INTO `canal_filme` (`id_canal_filme`, `canal_filme`) VALUES
(1, 'Netflix'),
(2, 'Amazon Prime Video'),
(3, 'Globoplay'),
(4, 'Disney+'),
(5, 'Telecine'),
(6, 'Now'),
(7, 'Paramount+'),
(8, 'HBO Max'),
(9, 'Star+');

-- -----------------------------------------------------
-- Table `cine_community`.`categoria_filme`
-- -----------------------------------------------------
DROP TABLE IF EXISTS `cine_community`.`categoria_filme` ;

CREATE TABLE IF NOT EXISTS `cine_community`.`categoria_filme` (
  `id_categoria_filme` INT(11) NOT NULL AUTO_INCREMENT,
  `categoria_filme` VARCHAR(45) NOT NULL,
  PRIMARY KEY (`id_categoria_filme`))
ENGINE = InnoDB
DEFAULT CHARACTER SET = utf8;

--
-- Despejando dados para a tabela `categoria_filme`
--

INSERT INTO `categoria_filme` (`id_categoria_filme`, `categoria_filme`) VALUES
(1, 'INFANTIL'),(2, 'ROMANCE'),(3, 'AÇÃO'),(4, 'FICÇÃO'),(5, 'TERROR'),(6, 'COMEDIA'),(7, 'DRAMA'),(8, 'FAROESTE'),(9, 'SUSPENSE');

-- -----------------------------------------------------
-- Table `cine_community`.`perfil`
-- -----------------------------------------------------
DROP TABLE IF EXISTS `cine_community`.`perfil` ;

CREATE TABLE IF NOT EXISTS `cine_community`.`perfil` (
  `id_perfil` INT NOT NULL AUTO_INCREMENT,
  `perfil_usu` VARCHAR(45) NOT NULL COMMENT 'Administrador, Moderador, Colecionador, Usuario',
  PRIMARY KEY (`id_perfil`))
ENGINE = InnoDB;

--
-- Despejando dados para a tabela `perfil`
--

INSERT INTO `perfil` (`id_perfil`, `perfil_usu`) VALUES
(1, 'Administrador'),(2, 'Moderador'),(3, 'Colecionador'),(4, 'Usuario');

-- -----------------------------------------------------
-- Table `cine_community`.`usuario`
-- -----------------------------------------------------
DROP TABLE IF EXISTS `cine_community`.`usuario` ;

CREATE TABLE IF NOT EXISTS `cine_community`.`usuario` (
  `id_usuario` INT(11) NOT NULL AUTO_INCREMENT,
  `nome_usu` VARCHAR(100) NOT NULL,
  `nickname_usu` VARCHAR(100) NULL DEFAULT NULL,
  `dt_de_nasci_usu` DATE NULL DEFAULT NULL,
  `genero_usu` ENUM('masculino', 'feminino', 'naoBinario', 'naoDeclarar') NOT NULL COMMENT 'Masculino, Feminino, Não Binário, Não Declarar',
  `email_usu` VARCHAR(100) NOT NULL,
  `senha_usu` VARCHAR(60) NOT NULL,
  `situacao_usu` VARCHAR(50) NULL DEFAULT 'Ativo' COMMENT 'Ativo, Inativo ou Bloqueado\\n',
  `foto_usu` VARCHAR(50) NULL DEFAULT NULL,
  `telefone` VARCHAR(20) NULL DEFAULT NULL,
  `cpf_cnpj` VARCHAR(14) NULL DEFAULT NULL,
  `endereco` VARCHAR(70) NULL DEFAULT NULL,
  `numero` CHAR(7) NULL DEFAULT NULL,
  `complemento` VARCHAR(15) NULL DEFAULT NULL,
  `bairro` VARCHAR(70) NULL DEFAULT NULL,
  `cidade` VARCHAR(70) NULL DEFAULT NULL,
  `cep` VARCHAR(15) NULL DEFAULT NULL,
  `uf` CHAR(2) NULL DEFAULT NULL,
  `fk_id_perfil` INT(11) NOT NULL,
  PRIMARY KEY (`id_usuario`, `fk_id_perfil`),
  INDEX `fk_usuario_perfil_usu1_idx` (`fk_id_perfil` ASC) ,
  CONSTRAINT `fk_usuario_perfil_usu1`
    FOREIGN KEY (`fk_id_perfil`)
    REFERENCES `cine_community`.`perfil` (`id_perfil`)
    ON DELETE NO ACTION
    ON UPDATE NO ACTION)
ENGINE = InnoDB
DEFAULT CHARACTER SET = utf8;

--
-- Despejando dados para a tabela `usuario`
--

INSERT INTO `usuario` (`id_usuario`, `nome_usu`, `nickname_usu`, `dt_de_nasci_usu`, `genero_usu`, `email_usu`, `senha_usu`, `situacao_usu`, `foto_usu`, `telefone`, `cpf_cnpj`, `endereco`, `numero`, `complemento`, `bairro`, `cidade`, `cep`, `uf`, `fk_id_perfil`) VALUES
(1, 'Rafaela Medeiros da Silva', NULL, '1987-06-05', 'naoBinario', 'adm@email.com', 'e10adc3949ba59abbe56e057f20f883e', 'Ativo', 'pic-2.png', '(61)77777-6565', '000.000.888-99', 'QNM 11', '11', 'Casa', 'CEILANDIA NORTE', 'BRASILIA', '72211-111', 'DF', 1),
(2, 'Maya', 'Mayalice', '2000-12-08', 'feminino', 'maya@email.com', '202cb962ac59075b964b07152d234b70', 'Ativo', 'img-5.jpg', '6198887-0909', '333.444.777-77', 'QSC 01 AREA ESP ', '444', 'Ap', 'CEILANDIA NORTE', 'BRASILIA', '72-999-02', 'MG', 2),
(3, 'Fatima', 'Fafa', '1999-05-12', 'feminino', 'fafa@gmail.com', 'b2b95d2ed89b9e922775bea179801c95', 'Ativo', 'pic-4.png', '6199641-1008', '079.321.888-30', 'QSC 09', '563', 'Ap', 'TAGUATINGA NORTE', 'SALVADOR', '72-923-800', 'BH', 4),
(4, 'Gabriela', 'GabGabi', '2004-07-25', 'feminino', 'gabgabi@outlook.com', '52b341f3c35a14e33b91e28b334a1db0', 'Ativo', NULL, NULL, NULL, NULL, NULL, NULL, NULL, NULL, NULL, NULL, 4),
(5, 'teste de imagem', 'teste de imagem', '0033-03-31', 'masculino', 'ni@email.com', '202cb962ac59075b964b07152d234b70', NULL, 'foto_padrao.jpg', '45464', '44564', 'a', 'a', 'dsa', 'a', 'a', 'a', '17', 4),
(6, 'teste de imagem 2', 'c', '0033-03-23', 'masculino', 'nicolasgrf7@gmail.com', '202cb962ac59075b964b07152d234b70', NULL, NULL, '45464', '44564', 'a', 'a', 'dsa', 'a', 'a', 'a', '15', 4),
(7, 'teste de imagem 3', 'c', '0002-02-22', 'masculino', 'nicolasgrf776@gmail.com', '202cb962ac59075b964b07152d234b70', NULL, NULL, '45464', '44564', 'a', 'a', 'dsa', 'a', 'a', 'a', '18', 4),
(8, 'teste de imagem 5', 'c', '0666-06-06', 'masculino', 'nicolasgrf76@gmail.com', '202cb962ac59075b964b07152d234b70', NULL, 'foto_padrao.jpg', '45464', '44564', 'a', 'a', 'dsa', 'a', 'a', 'a', '16', 4);

-- -----------------------------------------------------
-- Table `cine_community`.`filme`
-- -----------------------------------------------------
DROP TABLE IF EXISTS `cine_community`.`filme` ;

CREATE TABLE IF NOT EXISTS `cine_community`.`filme` (
  `id_filme` INT(11) NOT NULL AUTO_INCREMENT,
  `nome_filme` VARCHAR(80) NOT NULL,
  `dt_de_lancamento_filme` DATE NULL DEFAULT NULL,
  `duracao_filme` TIME NULL DEFAULT NULL,
  `sinopse_filme` VARCHAR(500) NOT NULL,
  `classificacao_filme` VARCHAR(50) NOT NULL,
  `capa_filme` VARCHAR(50) NOT NULL,
  `trailer_filme` VARCHAR(50) NULL DEFAULT NULL,
  `fk_id_categoria_filme` INT(11) NOT NULL,
  `fk_id_canal_filme` INT(11) NOT NULL,
  `fk_id_usuario` INT(11) NOT NULL,
  `fk_id_perfil` INT(11) NOT NULL,
  PRIMARY KEY (`id_filme`, `fk_id_categoria_filme`, `fk_id_canal_filme`, `fk_id_usuario`, `fk_id_perfil`),
  INDEX `fk_filme_categoria_filme1_idx` (`fk_id_categoria_filme` ASC),
  INDEX `fk_filme_canal_filme1_idx` (`fk_id_canal_filme` ASC),
  INDEX `fk_filme_usuario1_idx` (`fk_id_usuario` ASC),
  INDEX `fk_filme_perfil1_idx` (`fk_id_perfil` ASC),
  CONSTRAINT `fk_filme_canal_filme1`
    FOREIGN KEY (`fk_id_canal_filme`)
    REFERENCES `cine_community`.`canal_filme` (`id_canal_filme`)
    ON DELETE NO ACTION
    ON UPDATE NO ACTION,
  CONSTRAINT `fk_filme_categoria_filme1`
    FOREIGN KEY (`fk_id_categoria_filme`)
    REFERENCES `cine_community`.`categoria_filme` (`id_categoria_filme`)
    ON DELETE NO ACTION
    ON UPDATE NO ACTION,
  CONSTRAINT `fk_filme_usuario1`
    FOREIGN KEY (`fk_id_usuario`)
    REFERENCES `cine_community`.`usuario` (`id_usuario`)
    ON DELETE NO ACTION
    ON UPDATE NO ACTION,
  CONSTRAINT `fk_filme_perfil1`
    FOREIGN KEY (`fk_id_perfil`)
    REFERENCES `cine_community`.`perfil` (`id_perfil`)
    ON DELETE NO ACTION
    ON UPDATE NO ACTION)
ENGINE = InnoDB
DEFAULT CHARACTER SET = utf8;

--
-- Despejando dados para a tabela `filme`
--
INSERT INTO `filme` (`id_filme`, `nome_filme`, `dt_de_lancamento_filme`, `duracao_filme`, `sinopse_filme`, `classificacao_filme`, `capa_filme`, `trailer_filme`, `fk_id_categoria_filme`, `fk_id_canal_filme`, `fk_id_usuario`, `fk_id_perfil`) VALUES
(3, 'Aftersun', '2022-12-01', '01:42:00', 'Sophie mergulha em uma reflexão profunda sobre as alegrias e melancolias das férias que compartilhou com seu pai duas décadas atrás. Nesse turbilhão de memórias reais e imaginárias, ela se esforça para preencher as lacunas e reconciliar a imagem do pai que conheceu com a descoberta de um homem desconhecido. Em meio a essa jornada de autodescoberta, Sophie confronta a complexidade das relações familiares e busca encontrar um lugar de entendimento e aceitação dentro de si mesma.', '14', 'Aftersun.jfif', NULL, 7, 2, 2, 2),
(4, 'Incêndios', '2010-09-17', '02:10:00', 'Retrata a emocionante jornada de Jeanne e Simon, gêmeos que embarcam em uma busca angustiante para desvendar os segredos sombrios de seu passado familiar. Após a morte de sua mãe, eles descobrem que seu pai, que eles pensavam estar morto, está vivo, e que têm um irmão desconhecido. Confrontando uma realidade devastadora e uma guerra civil que marcou suas vidas, eles mergulham em uma jornada pelos segredos dolorosos de sua mãe, enfrentando traumas e descobrindo verdades inimagináveis.', '14', 'incendios.jpg', NULL, 7, 2, 2, 2),
(5, 'Druk - Mais uma Rodada', '2020-09-24', '01:57:00', 'Explora a vida de quatro professores entediados que decidem experimentar um experimento social, mantendo um nível constante de álcool no sangue durante o dia. Conforme eles se entregam a essa nova abordagem, suas vidas passam por uma transformação radical, com consequências imprevistas. O filme aborda questões como a busca por sentido e afronta as normas sociais, enquanto explora as alegrias e os perigos do consumo excessivo de álcool. ', '16', 'druk.jfif', NULL, 7, 6, 2, 2),
(6, 'A Caça', '2012-05-20', '01:55:00', 'É um drama intenso que se passa em uma pequena cidade, onde um professor do jardim de infância é acusado falsamente de abuso sexual infantil. O filme aborda a caótica e devastadora consequência desse equívoco, enquanto a comunidade reage com raiva e violência. O protagonista é confrontado com o ostracismo e a luta para provar sua inocência, enquanto seu mundo desmorona ao seu redor. ', '14', 'acaca.jfif', NULL, 7, 2, 2, 2),
(7, 'Arctic', '2018-05-10', '01:37:00', 'Acompanha a jornada emocionante de um homem perdido no deserto congelado do Ártico após um acidente de avião. Com recursos limitados e enfrentando condições extremas, ele luta para sobreviver enquanto espera por resgate. O filme é uma experiência intensa e visceral, explorando os limites da resistência humana e os desafios inerentes à natureza impiedosa do Ártico.', '14', 'artic.jpg', NULL, 7, 8, 2, 2),
(8, 'Bastardos Inglórios', '2009-10-09', '02:33:00', 'A trama acompanha um grupo de soldados judeus-americanos, conhecidos como os \"Bastardos\", que planejam uma vingança brutal contra os nazistas. Com muita ação e tensão, o filme explora temas como justiça, resistência e a busca por vingança.', '18', 'bastardos.jfif', NULL, 3, 2, 2, 2),
(9, 'A Baleia', '2023-02-26', '01:57:00', 'Retrata a emocionante jornada de redenção de um professor com 270 quilos. Depois de sofrer vários traumas, o professor de inglês Charlie se torna uma pessoa reclusa. Como última tentativa de redenção, ele tenta desesperadamente se reconectar com a sua filha adolescente.', '16', 'baleia.jfif', NULL, 7, 6, 2, 2),
(10, 'Halloween - A noite do Terror', '1978-10-25', '01:31:00', 'No filme original da franquia, Michael Myers, um assassino em série, escapa de um hospital psiquiátrico e retorna à sua cidade natal, Haddonfield, no Halloween, para continuar sua onda de terror e perseguir Laurie Strode, uma jovem adolescente.', '16', 'halloween.jfif', NULL, 5, 2, 2, 2),
(11, 'Halloween 2 - O Pesadelo Continua', '1981-10-30', '01:45:00', 'A continuação direta do primeiro filme, \"Halloween II\" acompanha Laurie Strode enquanto ela é levada para um hospital após o ataque de Michael Myers. Enquanto isso, Michael continua sua busca por Laurie, deixando um rastro de morte e destruição pelo caminho.', '18', 'halloween2.jfif', NULL, 5, 2, 2, 2),
(12, 'Halloween III - A Noite das Bruxas', '1982-10-22', '01:39:00', 'Diferente dos filmes anteriores, este capítulo da franquia segue uma história separada. Um fabricante de máscaras planeja usar a noite de Halloween para realizar um ritual sombrio que ameaça a vida das crianças.', '16', 'halloween3.jpg', NULL, 5, 2, 2, 2),
(13, 'Halloween 4 – O Retorno de Michael Myers', '1988-10-21', '01:28:00', 'Após vários anos em coma, Michael Myers acorda e retorna à sua cidade natal para perseguir sua sobrinha Jamie, que agora é o novo alvo de sua violência implacável.', '18', 'Halloween4poster.jpg', NULL, 5, 2, 2, 2),
(14, 'Halloween 5: A Vingança de Michael Myers', '1989-10-13', '01:36:00', 'Jamie, agora muda e traumatizada pelos eventos anteriores, tem visões de Michael Myers e seu desejo assassino. Enquanto Jamie tenta se proteger, Michael continua sua busca para encontrá-la.', '18', 'halloween5.jfif', NULL, 5, 2, 2, 2),
(15, 'Halloween 6: A Última Vingança', '1995-10-29', '01:27:00', 'Jamie, agora adulta, dá à luz um filho e tenta protegê-lo de Michael Myers e uma conspiração obscura que está relacionada com sua família. A batalha final entre Laurie Strode e Michael também se desenrola.', '18', 'halloween6.jpg', NULL, 5, 2, 2, 2),
(16, 'Halloween H20: Vinte Anos Depois', '1998-08-05', '01:43:00', 'Ignorando os eventos dos filmes anteriores a partir de \"Halloween 2\", o filme se passa vinte anos após o primeiro filme. Laurie Strode, agora vivendo sob uma nova identidade, é perseguida novamente por seu irmão, Michael Myers, quando ele descobre seu paradeiro.', '18', 'halloweenh20.jpg', NULL, 5, 2, 2, 2),
(17, 'Halloween: Ressurreição', '2002-07-12', '01:34:00', 'Oito anos após os eventos de \"Halloween H20\", um grupo de estudantes é selecionado para participar de um reality show dentro da antiga casa de Michael Myers, sem saber que o assassino está à espreita.', '18', 'halloweenre.jpg', NULL, 5, 2, 2, 2),
(18, 'Halloween – O Início', '2007-08-31', '02:01:00', 'Um remake do filme original, dirigido por Rob Zombie, explora a infância e os eventos que levaram Michael Myers a se tornar um assassino implacável. A história segue o encontro final entre Michael e Laurie Strode.', '18', 'halloween1.jfif', NULL, 5, 2, 2, 2),
(19, 'Halloween II (remake)', '2009-08-28', '01:45:00', 'A sequência do remake de Rob Zombie continua a história de Laurie Strode e seu confronto com Michael Myers, enquanto ela lida com traumas passados e o verdadeiro significado de sua conexão com o assassino.', '18', 'halloween-ii.jfif', NULL, 5, 2, 2, 2),
(20, 'Halloween(remake)', '2018-10-19', '01:46:00', 'Ignorando todos os eventos dos filmes anteriores, este filme é uma continuação direta do filme original de 1978. Laurie Strode, agora uma mulher preparada para o inevitável retorno de Michael Myers, enfrenta seu inimigo em um confronto final.', '18', 'halloween11.jfif', NULL, 5, 5, 2, 2),
(21, 'Halloween Kills: O Terror Continua', '2021-10-15', '01:45:00', 'Laurie Strode, pensando ter vencido Michael Myers, é surpreendida com seu retorno. Ela se une a outros sobreviventes para acabar com o ciclo de violência de uma vez por todas.', '18', 'kills.png', NULL, 5, 5, 2, 2),
(22, 'Halloween Ends', '2022-10-14', '01:51:00', 'Depois de um traumático confronto com Michael Myers, Laurie Strode busca reconstruir sua vida e deixar o passado para trás. Determinada a encontrar paz, ela se esforça para superar o medo e abraçar uma nova existência. No entanto, quando um assassinato ocorre em sua cidade, uma onda de violência e terror se desencadeia, e Laurie é mais uma vez arrastada para a batalha contra o mal que não pode ser controlado.', '18', 'halloweenEnds.jpg', NULL, 5, 5, 2, 2),
(23, 'Um Lugar Silencioso', '2018-04-05', '01:30:00', 'A família, liderada por Evelyn (Emily Blunt) e Lee (John Krasinski), precisa viver em completo silêncio para evitar atrair a atenção das criaturas. Quando um evento trágico coloca a família em risco, eles precisam lutar não apenas para permanecer em silêncio, mas também para proteger uns aos outros e encontrar uma maneira de sobreviver nesse ambiente aterrorizante.\r\n', '14', 'umlugarsilencioso.jpg', NULL, 5, 1, 2, 2),
(24, 'Um Lugar Silencioso - Parte II', '2021-05-28', '01:37:00', 'A família Abbott encontra-se diante do desafio de sobreviver em um mundo onde o menor som pode ser mortal. Condenados a viver em silêncio absoluto, eles se aventuram além dos limites conhecidos, apenas para descobrir que as criaturas não são as únicas ameaças em um ambiente implacável. Enfrentando o desconhecido, a família Abbott se depara com perigos que vão além dos caçadores sanguinários, lutando para sobreviver em um cenário dominado pelo silêncio e pela areia traiçoeira.', '12', 'umlugarsilencioso2.jpg', NULL, 5, 1, 2, 2),
(26, 'Os Imperdoáveis', '1992-08-07', '02:11:00', 'A história se passa no final do século XIX e segue William Munny (Clint Eastwood), um ex-pistoleiro e fazendeiro viúvo que aceita um último trabalho para matar dois homens que cortaram o rosto de uma prostituta. Ele se junta a um velho parceiro, Ned Logan (Morgan Freeman), e a um jovem e impulsivo pistoleiro chamado O Schofield Kid (Jaimz Woolvett).', '14', 'imperdoaveis.jfif', NULL, 8, 5, 2, 2),
(27, 'Três Homens em Conflito', '1966-12-23', '02:41:00', 'A trama se passa durante a Guerra Civil Americana e segue três pistoleiros: o \"Homem Sem Nome\" (interpretado por Clint Eastwood), o cruel Angel Eyes (interpretado por Lee Van Cleef) e o excêntrico Tuco (interpretado por Eli Wallach). Cada um dos homens está em busca de um tesouro escondido em um cemitério. Eles formam uma aliança temporária, mas a ganância, a traição e a violência os colocam uns contra os outros. \r\n', '14', 'treshomens.jfif', NULL, 8, 5, 2, 2),
(28, 'Django Livre', '2012-12-25', '02:45:00', 'A trama se passa nos Estados Unidos pré-Guerra Civil e segue a história de Django (Jamie Foxx), um escravo liberto que se une a um caçador de recompensas alemão chamado Dr. King Schultz (Christoph Waltz). Juntos, eles embarcam em uma missão para resgatar a esposa de Django, Broomhilda (Kerry Washington), das mãos de um cruel proprietário de escravos chamado Calvin Candie (Leonardo DiCaprio). ', '16', 'django.jpg', NULL, 3, 2, 2, 2),
(29, 'O Regresso', '2015-12-25', '02:36:00', 'O filme narra a história de Hugh Glass (interpretado por Leonardo DiCaprio), um explorador de fronteira que é brutalmente atacado por um urso e deixado à beira da morte pelos membros de sua expedição, que o abandonam. Determinado a sobreviver e buscar vingança, Glass luta contra a natureza implacável e enfrenta perigosos obstáculos em sua jornada de volta à civilização.', '16', 'oregresso.png', NULL, 8, 1, 2, 2),
(30, 'A Salvação', '2014-05-17', '01:40:00', 'A trama se passa no Velho Oeste americano e segue a história de um imigrante dinamarquês chamado Jon (Mads Mikkelsen), que vive pacificamente com sua esposa e filho em uma pequena cidade. No entanto, a paz é interrompida quando um fora da lei chamado Delarue (Jeffrey Dean Morgan) e sua gangue aterrorizam a região. Após uma tragédia pessoal, Jon decide buscar vingança contra Delarue, desencadeando uma batalha brutal e implacável entre eles.', '16', 'asalvacao.png', NULL, 8, 2, 2, 2),
(31, 'Terra Sem Lei', '2016-12-10', '01:40:00', 'Patrick Tate, um agente funerário local, se vê confrontado com uma difícil escolha: continuar encobrindo as vítimas das atrocidades do bando ou confrontar os criminosos de uma vez por todas. Dividido entre sua lealdade e o desejo de justiça, Patrick enfrenta um dilema moral que determinará o destino da cidade. Em meio a um ambiente de violência e corrupção, ele precisa tomar uma decisão que poderá mudar tudo para sempre.', '16', 'terra-sem-lei-poster.png', NULL, 8, 1, 2, 2),
(32, 'A Marca da Forca', '1968-07-31', '01:56:00', 'O enredo segue o xerife Jed Cooper (interpretado por Clint Eastwood), que é injustamente acusado de roubo e assassinato. Ele é capturado por uma gangue de justiceiros que o lincham e o deixam para morrer. No entanto, Cooper sobrevive e busca vingança contra aqueles que o condenaram injustamente. Ele se torna um caçador de recompensas determinado a limpar seu nome e enfrentar os responsáveis por sua agonia.', '16', 'amarcadaforca.jpg', NULL, 8, 2, 2, 2),
(33, 'Onde os Fracos Não Têm Vez', '2007-11-21', '02:02:00', 'O filme acompanha Llewelyn Moss (interpretado por Josh Brolin), um caçador que, ao encontrar uma cena de crime em meio a um negócio de drogas fracassado, acaba levando uma mala com dois milhões de dólares. No entanto, ele logo se torna alvo de um assassino implacável chamado Anton Chigurh (interpretado por Javier Bardem), que está determinado a recuperar o dinheiro. ', '16', 'ondeosfracosnaotemvez.jfif', NULL, 7, 2, 2, 2),
(34, 'Bravura Indômita', '2010-12-22', '01:50:00', 'A história é baseada em um romance de Charles Portis e segue a determinada e corajosa jovem Mattie Ross (interpretada por Hailee Steinfeld), que contrata o implacável caçador de recompensas Rooster Cogburn (interpretado por Jeff Bridges) para encontrar e capturar o assassino de seu pai. Os dois são acompanhados por um Texas Ranger chamado LaBoeuf (interpretado por Matt Damon), que também está atrás do criminoso por outros crimes.', '16', 'bravuraindomita.jpg', NULL, 8, 2, 2, 2),
(35, 'Era uma Vez no Oeste', '1968-12-21', '02:45:00', 'O filme conta a história de um misterioso pistoleiro conhecido como \"Harmonica\" (Charles Bronson), que chega a uma pequena cidade do Velho Oeste, controlada por um poderoso empresário chamado Frank (Henry Fonda). Enquanto Harmonica busca vingança pelo assassinato de sua família, ele se envolve em um conflito entre Frank e uma viúva chamada Jill (Claudia Cardinale), que herdou terras valiosas de seu falecido marido. ', '14', 'era-uma-vez-no-oeste-poster-1.jpg', NULL, 8, 5, 2, 2),
(36, 'Por um Punhado de Dólares', '1964-09-12', '01:39:00', 'Um pistoleiro chega à cidade mexicana de San Miguel, envolvida em uma guerra entre dois grupos rivais. Sua habilidade excepcional é rapidamente reconhecida por ambos os lados, que fazem ofertas para conquistar sua ajuda. Tentado pela ganância, ele acaba aceitando as duas propostas simultaneamente.', '14', 'porumpunhadodedolares.jfif', NULL, 8, 5, 2, 2),
(37, 'Me Chame Pelo Seu Nome', '2017-11-24', '02:10:00', 'Durante um verão na Itália, Elio, um jovem de 17 anos, descobre o despertar de sua sexualidade ao se envolver romanticamente com Oliver, um estudante americano.', '14', 'mechamepelonome.jfif', NULL, 2, 2, 2, 2),
(38, 'As Pontes de Madison', '1995-06-02', '02:15:00', 'Francesca, uma dona de casa solitária, se envolve em um caso amoroso com um fotógrafo itinerante, Robert, que visita a pequena cidade de Madison County.', '12', 'aspontesdemadison.png.jpg', NULL, 2, 2, 2, 2),
(39, 'Diário de uma Paixão', '2004-06-25', '02:01:00', 'Noah e Allie são um jovem casal apaixonado que enfrenta diversos desafios ao longo de suas vidas, mas mantêm o amor vivo através de um diário.', '14', 'diariodeumapaixao.jpg', NULL, 2, 8, 2, 2),
(40, 'Uma Linda Mulher', '1990-03-23', '01:59:00', 'Um executivo rico, Edward, contrata uma prostituta chamada Vivian para ser sua acompanhante por uma semana. Ao longo desse tempo, eles se apaixonam inesperadamente.', '12', 'umalindamulher.webp', NULL, 2, 3, 2, 2),
(41, 'Orgulho e Preconceito', '2005-09-16', '02:07:00', 'Baseado no romance clássico de Jane Austen, o filme retrata o complexo relacionamento entre Elizabeth Bennet e Mr. Darcy, enquanto enfrentam os desafios sociais e preconceitos da época.', '12', 'orgulho-e-preconceito-19.jpg', NULL, 2, 1, 2, 2),
(42, '10 Coisas que Eu Odeio em Você', '1999-03-31', '01:37:00', 'Uma adaptação moderna de \"A Megera Domada\" de Shakespeare, o filme acompanha a história de Kat Stratford e Patrick Verona, enquanto tentam conquistar o amor um do outro.', '10', '10-coisas-que-eu-odeio-em-voce.png', NULL, 2, 2, 2, 2),
(43, 'Como Se Fosse a Primeira Vez', '2004-02-13', '01:39:00', 'Henry, um veterinário mulherengo, se apaixona por Lucy, uma mulher com perda de memória de curto prazo. Para conquistá-la todos os dias, ele precisa reconquistá-la como se fosse a primeira vez.', '10', 'comosefosseaprimeriavez.jpg', NULL, 2, 5, 2, 2),
(44, 'Os Segredos de Brokeback Mountain', '2005-12-02', '02:14:00', 'Em meados da década de 1960, Ennis Del Mar e Jack Twist, dois jovens cowboys, se encontram em Brokeback Mountain e iniciam um relacionamento secreto e apaixonado que dura décadas.', '14', 'Brokeback_mountain.jpg', NULL, 2, 1, 2, 2),
(45, 'Alerta Máximo', '2023-01-23', '01:47:00', 'O piloto Brodie Torrance realiza um pouso de emergência em uma ilha durante uma tempestade de raios, salvando seus passageiros. No entanto, eles são feitos reféns pelos moradores perigosos e rebeldes da ilha. Determinado a encontrar uma solução, Torrance busca a ajuda de um passageiro acusado de assassinato, na esperança de que juntos possam enfrentar essa situação ameaçadora.', '14', 'alertamaximo.jfif', NULL, 3, 6, 2, 2),
(46, 'Invasão ao Serviço Secreto', '2019-11-14', '02:01:00', 'Quando terroristas sequestram o presidente dos Estados Unidos e o colocam em perigo, o agente do Serviço Secreto Mike Banning deve correr contra o tempo para salvá-lo e evitar uma crise global.', '14', 'invasaoaoservicosecreto.jpg', NULL, 3, 5, 2, 2),
(47, 'A Cinco Passos de Você', '2019-03-21', '01:57:00', 'Stella Grant é uma jovem de 17 anos que vive com fibrose cística e está internada em um hospital. Ela conhece Will Newman, outro paciente com a mesma doença, e os dois se apaixonam. No entanto, eles precisam manter uma distância de seis passos um do outro para evitar infecções cruzadas.', '12', 'acincopassosdevoce.webp', NULL, 2, 8, 2, 2),
(48, 'Como Eu Era Antes de Você', '2016-06-16', '01:46:00', 'Louisa Clark é contratada para cuidar de Will Traynor, um jovem rico que ficou tetraplégico após um acidente. Apesar de suas personalidades opostas, eles desenvolvem um relacionamento que mudará suas vidas para sempre.', '12', 'comoeueraantesdevoce.jfif', NULL, 2, 8, 2, 2),
(49, 'Ghosted: Sem Resposta', '2023-04-21', '01:56:00', 'Quando sua namorada desaparece misteriosamente, Martin é deixado sem respostas e começa a investigar o que aconteceu com ela. Ele logo descobre que há muito mais acontecendo do que ele jamais imaginou.', '12', 'ghosted-sem-resposta-poster.jpg', NULL, 3, 3, 2, 2),
(50, 'Ghost - Do Outro Lado da Vida', '1990-11-01', '02:02:00', 'Sam Wheat é morto em um assalto, mas seu espírito permanece na Terra e ele tenta proteger sua namorada, Molly, de um perigo iminente. Ele recebe a ajuda de uma médium, Oda Mae Brown, para se comunicar com o mundo dos vivos.', '14', 'ghost.jfif', NULL, 2, 5, 2, 2),
(51, 'Através da Minha Janela', '2022-02-04', '01:52:00', 'Giovana é uma jovem com autismo que vive com sua mãe em São Paulo. Ela se apaixona por um novo vizinho, mas sua mãe não aprova o relacionamento. Giovana então precisa decidir entre seguir seu coração ou obedecer sua mãe.\r\n\r\n', '16', 'atravesdaminhajanela.jfif', NULL, 2, 1, 2, 2),
(52, 'Vizinhança do Barulho', '1996-01-12', '01:34:00', 'Earl e Hank são vizinhos que não se suportam. Quando um deles testemunha um assassinato, eles são colocados no programa de proteção a testemunhas e são forçados a morar juntos. As coisas rapidamente saem de controle quando eles tentam descobrir quem é o assassino.', '16', 'vizinhancadobarulho.jpg', NULL, 6, 5, 2, 2),
(53, 'As Branquelas', '2004-08-27', '01:49:00', 'Dois agentes do FBI, Kevin e Marcus, se disfarçam como duas socialites brancas para resolver um caso de sequestro. No entanto, eles rapidamente percebem que não é tão fácil assim se passar por mulheres brancas e ricas.', '12', 'asbranquelas.jpg', NULL, 6, 1, 2, 2),
(54, 'Norbit - Uma Comédia de Peso', '2007-02-09', '01:43:00', 'Norbit é um homem tímido e sensível que é casado com Rasputia, uma mulher grande e abusiva. Quando seu amor de infância, Kate, retorna à cidade, Norbit precisa encontrar uma maneira de se libertar de Rasputia e conquistar o coração de Kate.', '12', 'norbit.jpg', NULL, 6, 1, 2, 2),
(55, 'O Pequenino', '2006-07-14', '01:38:00', 'Calvin é um homem de negócios que vive estressado com sua vida. Quando um cientista maluco o encolhe até o tamanho de uma criança, ele precisa aprender a viver de uma maneira completamente diferente.', '12', 'opequenino.jpg', NULL, 6, 2, 2, 2),
(56, 'Projeto X - Uma Festa Fora de Controle', '2012-03-16', '01:28:00', 'Três amigos do ensino médio decidem dar uma festa épica para se tornarem populares. No entanto, as coisas rapidamente saem de controle e a festa se torna uma verdadeira loucura.', '18', 'projetox.jpg', NULL, 6, 2, 2, 2),
(57, 'American Pie - A Primeira Vez e Inesquecível', '1999-10-29', '01:35:00', 'Conta a história de quatro amigos que fazem um pacto para perder a virgindade antes de se formarem no ensino médio. O filme é conhecido por sua mistura de humor escatológico e situações constrangedoras. O elenco inclui Jason Biggs, que interpreta Jim, e Shannon Elizabeth, no papel de Nadia.', '14', 'americanpie1.jpg', NULL, 6, 2, 2, 2),
(58, 'American Pie 2 - A Segunda Vez e Ainda Melhor', '2001-12-21', '01:50:00', 'Sequência do primeiro filme, que segue os mesmos personagens um ano depois, quando eles voltam para casa durante as férias de verão da faculdade. O filme explora temas de ternura e vulnerabilidade quando se trata de conduta sexual, além da pressão para perder a virgindade. O elenco é atraente e talentoso, e o roteiro é mais forte do que o que é normalmente encontrado em comédias escatológicas.', '14', 'americanpie2.jpg', NULL, 6, 2, 2, 2),
(59, 'Superbad - É Hoje', '2007-10-19', '01:59:00', 'É uma comédia adolescente que segue dois amigos, Evan e Seth, enquanto eles tentam conseguir bebidas para uma festa para impressionar suas paixões. O filme é conhecido por suas performances hilárias de Jonah Hill e Michael Cera.', '14', 'superbad.jpg', NULL, 6, 7, 2, 2),
(60, 'Sexta-Feira em Apuros', '1995-07-14', '01:37:00', 'É uma comédia que segue Craig e seu amigo Smokey em um único dia em Los Angeles. O filme é conhecido por suas performances engraçadas de Ice Cube e Chris Tucker.', '16', 'sextafeira.jpg', NULL, 6, 7, 2, 2),
(61, 'EuroTrip - Passaporte para a Confusão', '2004-02-20', '01:33:00', 'É uma comédia que segue um grupo de amigos que viajam pela Europa. O filme é conhecido por suas piadas sobre estereótipos europeus e por sua trama absurda.', '16', 'eurotrip.jpg', NULL, 6, 7, 2, 2),
(62, 'Se Beber, Nao Case!', '2009-08-21', '01:40:00', 'É uma comédia que segue um grupo de amigos que acordam em Las Vegas sem lembrança da noite anterior e precisam encontrar o noivo desaparecido antes do casamento. O filme é conhecido por suas performances cômicas de Zach Galifianakis e Bradley Cooper.', '14', 'sebebernaocase.jpg', NULL, 6, 2, 2, 2),
(63, 'Se Beber, Nao Case! Parte II', '2011-05-27', '01:42:00', 'É uma sequência do primeiro filme, que segue os mesmos personagens em uma aventura em Bangcoc. O filme é conhecido por suas performances cômicas e por seu humor escatológico.', '16', 'sebebernaocase2_3.jpg', NULL, 6, 2, 2, 2),
(64, 'Um Dia de Cão ', '1975-09-21', '02:04:00', 'A narrativa segue a tentativa de roubo de um banco por dois homens, que enfrentam problemas como a fragilidade das relações afetivas e o preconceito e marginalização dos LGBTs. O filme incorpora discursos políticos e de inclusão, com destaque para a rebelião de presos na penitenciária Attica. A arquitetura do filme é arrojada em termos de montagem, timing e abertura de espaços para as questões pessoais dos protagonistas.', '14', 'umdiadecao.jfif', NULL, 7, 6, 2, 2),
(65, 'Menina de Ouro', '2004-12-15', '02:13:00', 'A história gira em torno de uma jovem boxeadora chamada Maggie Fitzgerald, que sonha em se tornar uma campeã de boxe. Ela encontra um treinador mais velho e experiente que a ajuda a alcançar seu objetivo, mas logo descobre que o mundo do boxe é tão brutal quanto o ringue em que luta.', '12', 'meninadeouro.jfif', NULL, 7, 2, 2, 2),
(66, 'John Wick - De Volta ao Jogo', '2014-11-27', '01:41:00', 'Keanu Reeves interpreta John Wick, um assassino aposentado que é forçado a voltar à ativa quando um gângster russo rouba seu carro e mata seu cachorro. A busca de John por vingança o leva a confrontar seu passado e enfrentar alguns dos assassinos mais perigosos do mundo.', '16', 'johnwick1.jpg', NULL, 3, 2, 2, 2),
(67, 'John Wick: Um Novo Dia Para Matar', '2017-06-02', '02:02:00', 'John Wick é forçado a voltar ao trabalho mais uma vez quando um antigo associado o convoca para ajudá-lo a tomar o controle de uma misteriosa organização de assassinos. John se vê lutando pela sobrevivência em uma série de batalhas cada vez mais perigosas.', '16', 'johnwick2.jfif', NULL, 3, 2, 2, 2),
(68, 'John Wick 3: Parabellum', '2019-05-16', '02:11:00', 'Começa imediatamente após os eventos do filme anterior, com John sendo perseguido por assassinos depois de quebrar uma das regras sagradas da organização de assassinos. John precisa lutar por sua vida enquanto tenta encontrar uma forma de limpar seu nome e escapar de seus perseguidores.', '16', 'JOHNWICK3.jfif', NULL, 3, 2, 2, 2),
(69, 'John Wick 4: Baba Yaga', '2023-03-23', '01:48:00', 'Com a recompensa pela sua cabeça aumentando a cada momento, John Wick, um lendário assassino de aluguel, continua sua batalha contra a alta cúpula global do crime, enquanto persegue os jogadores mais poderosos do submundo, desde Nova York até Paris, passando pelo Japão e Berlim.\r\n', '16', 'johnwick4.jfif', NULL, 3, 6, 2, 2),
(70, 'Deadpool', '2016-11-02', '01:48:00', 'A história segue Wade Wilson, um ex-militar que se torna um mercenário após passar por um experimento que o deixa com habilidades de cura acelerada, mas também com uma aparência desfigurada. Determinado a se vingar da pessoa responsável por sua transformação, Deadpool assume a identidade de um anti-herói sarcástico e violento.', '16', 'deadpool.jpg', NULL, 3, 9, 2, 2),
(71, 'Uma Saída de Mestre', '2003-10-03', '01:51:00', 'Liderados por Charlie Croker, eles planejam roubar um cofre repleto de ouro de um palácio veneziano. Com suas habilidades especializadas, cada membro da equipe desempenha um papel crucial no roubo elaborado. No entanto, eles logo descobrem que seu plano é mais desafiador do que imaginavam, e terão que enfrentar obstáculos perigosos e traições inesperadas para alcançar seu objetivo.', '12', 'umasaidademestre.jfif', NULL, 3, 5, 2, 2),
(72, 'Vingadores: Ultimato', '2019-04-25', '03:02:00', 'Após os eventos devastadores de \"Vingadores: Guerra Infinita\", os heróis remanescentes se reúnem para desfazer as ações de Thanos, um poderoso vilão que destruiu metade da vida no universo. Com a ajuda de novos aliados e um plano ousado, os Vingadores embarcam em uma jornada no tempo para recuperar as Joias do Infinito e reverter os efeitos do estalar de dedos de Thanos. ', '12', 'vingadores.jfif', NULL, 4, 9, 2, 2),
(73, 'Blade Runner', '1982-06-25', '01:57:00', 'No filme, os replicantes, seres humanos geneticamente modificados e criados para serem escravos, começam a desenvolver emoções e questionar sua própria existência. O protagonista é Rick Deckard, um policial conhecido como um \"blade runner\", cuja missão é encontrar e aposentar (ou seja, matar) replicantes fugitivos. ', '18', 'bladerunner1.jpg', NULL, 4, 9, 2, 2),
(74, 'Blade Runner 2049', '2017-10-05', '02:43:00', 'É a sequência do filme original, situada trinta anos depois dos eventos do primeiro filme. O novo protagonista, o oficial K, é um blade runner que descobre um segredo enterrado há muito tempo que tem o potencial de mergulhar a sociedade no caos. Sua busca o leva a Rick Deckard, o antigo blade runner do primeiro filme, que está desaparecido há décadas. Juntos, eles enfrentam uma conspiração sombria e perigosa.', '18', 'bladerunner2.jpg', NULL, 4, 9, 2, 2),
(75, 'Interestelar', '2014-11-06', '02:49:00', 'A trama se passa em um futuro próximo, onde a Terra está sofrendo com a escassez de recursos naturais e um colapso ambiental iminente. Cooper, um ex-piloto da NASA, é recrutado para liderar uma missão espacial em busca de um novo lar para a humanidade. Ele e sua equipe atravessam um buraco de minhoca para explorar outros sistemas estelares em busca de planetas habitáveis.', '10', 'interestelar.jpg', NULL, 4, 2, 2, 2),
(76, 'A Casa Monstro', '2006-11-03', '01:31:00', 'O filme segue DJ, um garoto que suspeita que a casa do vizinho, o Sr. Nebbercracker, seja assombrada. Com a ajuda de seus amigos Chowder e Jenny, eles embarcam em uma missão para desvendar os segredos da casa monstruosa. À medida que exploram a mansão viva e enfrentam diversos perigos, eles descobrem que a casa tem uma história sombria e está repleta de surpresas assustadoras.', '10', 'acasamonstro.jpg', NULL, 1, 1, 2, 2),
(77, 'Monstros S.A.', '2001-11-02', '01:32:00', 'A trama gira em torno de Sulley, um monstro grande e peludo, e seu melhor amigo Mike Wazowski, um monstro verde de um olho só. Eles trabalham na Monstros S.A., uma empresa que obtém energia assustando crianças. No entanto, quando uma pequena menina chamada Boo acidentalmente entra no mundo dos monstros, Sulley e Mike têm que lidar com a tarefa de devolvê-la em segurança ao seu mundo. ', '10', 'monstrossa.webp', NULL, 1, 4, 2, 2),
(78, 'Shrek', '2001-05-18', '01:29:00', 'Shrek, um ogro solitário e mal-humorado, vê sua vida pacífica interrompida quando uma horda de personagens de contos de fadas é expulsa de seu reino pelo maligno Lorde Farquaad. Determinado a ter sua tranquilidade de volta, Shrek faz um acordo com Farquaad para resgatar a princesa Fiona, que está aprisionada em uma torre guardada por um dragão feroz. ', '10', 'shrek1.jpg', NULL, 1, 4, 2, 2),
(79, 'Shrek 2', '2004-05-19', '01:33:00', 'Shrek e Fiona, agora casados, enquanto enfrentam novos obstáculos. O casal recebe um convite para visitar o reino de Tão Tão Distante, governado pelo pai de Fiona. No entanto, ao chegar lá, eles descobrem que o rei Harold tem seus próprios planos e aliações secretas.', '10', 'shrek2.jpg', NULL, 1, 4, 2, 2),
(80, 'Shrek Terceiro', '2007-05-18', '01:33:00', 'Shrek enfrenta um novo desafio quando o pai de Fiona falece, tornando-o o próximo herdeiro do reino de Tão Tão Distante. Desconfortável com a ideia de se tornar rei, Shrek embarca em uma busca para encontrar o único herdeiro legítimo, Arthur Pendragon, um adolescente inseguro e desajustado. Enquanto isso, o Príncipe Encantado reúne um exército de vilões de contos de fadas para tomar o controle do reino. ', '10', 'shrek3.jpg', NULL, 1, 4, 2, 2),
(81, 'Indiana Jones e o Chamado do Destino', '2023-06-30', '02:34:00', 'O lendário herói arqueólogo está de volta em sua aguardada jornada final, trazendo consigo uma incrível e empolgante aventura cinematográfica.\r\n', '12', 'indianajones5.jpg', NULL, 3, 6, 2, 2),
(82, 'A Morte do Demônio: A Ascensão', '2023-03-20', '02:00:00', 'Uma mulher se vê envolvida em uma batalha pela sua própria vida quando um antigo livro dá origem a demônios sedentos por sangue. Essas criaturas se tornam cada vez mais agressivas em um prédio localizado em Los Angeles, desencadeando uma luta desesperada pela sobrevivência.\r\n', '18', 'amortedodemonio.webp', NULL, 5, 7, 2, 2),
(83, 'Velozes e Furiosos 10', '2023-05-19', '02:21:00', 'Dom Toretto e sua família se veem confrontados pelo seu adversário mais mortal até então. Movida pela sede de vingança, uma terrível ameaça emerge das sombras do passado, determinada a destruir o mundo de Dom e tudo aquilo que ele mais preza. Agora, eles enfrentarão um desafio épico que colocará em jogo não apenas suas habilidades como pilotos, mas também os laços de lealdade e amor que os mantêm unidos.', '14', 'velozesefuriosos10.jpg', NULL, 3, 9, 2, 2),
(84, 'Creed III', '2023-05-19', '01:56:00', 'Após estabelecer seu domínio nos ringues, Adonis Creed desfruta de uma carreira de sucesso e uma vida familiar estável. No entanto, quando seu antigo amigo e ex-prodígio do boxe, Damian, é libertado da prisão após uma longa sentença, o campeão vê uma oportunidade de provar seu valor. O embate entre esses ex-amigos vai além de uma simples luta, pois Adonis precisa arriscar seu futuro para confrontar Damian, um lutador que não tem nada a perder.\r\n', '12', 'creed3.jpg', NULL, 7, 2, 2, 2),
(85, 'Avatar: O Caminho da Água', '2022-12-15', '03:12:00', 'Após construir uma família, Jake Sully e Ney\tiri lutam para manter seu amor intacto. No entanto, quando uma antiga ameaça ressurge em Pandora, eles são obrigados a deixar seu lar e explorar as terras desconhecidas. Agora, Jake se vê envolvido em uma batalha épica contra os humanos, defendendo seu mundo e seu povo com determinação inabalável.\r\n', '12', 'avatar2.webp', NULL, 4, 9, 2, 2),
(86, 'Que Horas Ela Volta?', '2015-08-28', '01:54:00', 'É um drama brasileiro dirigido por Anna Muylaert. A trama acompanha a vida de Val, uma empregada doméstica que trabalha e mora na casa de uma família abastada em São Paulo. A rotina de Val é alterada quando sua filha Jéssica decide ir morar com ela na cidade grande, trazendo à tona questões de classe social, relações familiares e hierarquia. O filme aborda temas como desigualdade, maternidade e o impacto das relações de poder.', '12', 'quehoraselavolta.jpg', NULL, 7, 3, 2, 2),
(87, 'Central do Brasil', '1998-01-01', '01:53:00', 'A história acompanha Dora, uma ex-professora que trabalha na estação Central do Brasil no Rio de Janeiro, escrevendo cartas para analfabetos. Após se envolver em uma situação emocionalmente intensa com um menino órfão chamado Josué, Dora embarca em uma jornada pelo Nordeste do Brasil em busca do pai de Josué. Durante essa jornada, eles enfrentam desafios e descobrem vínculos afetivos inesperados.\r\n', '12', 'central-do-brasil.jpeg', NULL, 7, 3, 2, 2),
(88, 'Sangue Negro', '2007-12-26', '02:38:00', 'O filme retrata a história de Daniel Plainview, um homem ambicioso que se envolve na indústria do petróleo durante o início do século XX. A trama explora a ascensão de Plainview ao poder e as consequências emocionais e morais de sua busca desenfreada por riqueza.', '16', 'sanguenegro.jpg', NULL, 7, 9, 2, 2),
(89, 'O Poderoso Chefão', '1972-04-24', '02:55:00', 'A história é baseada no livro de mesmo nome de Mario Puzo e acompanha a vida da família Corleone, uma poderosa e influente família da máfia italiana em Nova York. O filme mostra a ascensão de Michael Corleone ao poder e os conflitos e rivalidades dentro do submundo do crime.\r\n', '16', 'opoderosochefao.webp', NULL, 7, 1, 2, 2),
(90, 'Os Suspeitos', '2013-09-20', '02:33:00', 'O filme segue a história de um detetive e um pai desesperado que se unem para encontrar duas jovens desaparecidas. Conforme a investigação avança, surgem segredos perturbadores e o espectador é levado a questionar a verdadeira identidade dos suspeitos.\r\n', '16', 'ossuspeitos.jpg', NULL, 9, 1, 2, 2),
(91, 'Segredo dos Animais', '2006-10-10', '01:22:00', 'É uma animação que conta a história dos animais de uma fazenda que decidem revelar o segredo de sua inteligência aos humanos, a fim de melhorar suas condições de vida. A trama gira em torno da tentativa dos animais de evitar a exploração humana e alcançar a liberdade.\r\n', '10', 'osegredodosanimais.webp', NULL, 1, 4, 2, 2),
(92, 'Titanic', '1997-12-19', '03:15:00', 'O filme narra a história de Jack e Rose, dois jovens de diferentes classes sociais que se apaixonam a bordo do famoso navio Titanic. Ambientado durante sua fatídica viagem inaugural em 1912, o filme retrata o amor proibido e o trágico destino do navio.\r\n', '12', 'titanic.jpg', NULL, 2, 9, 2, 2),
(93, 'O Guarda Costas', '1992-11-25', '02:10:00', 'É um romance e drama dirigido por Mick Jackson. O filme acompanha a história de Rachel Marron, uma famosa cantora pop, e Frank Farmer, um ex-agente do Serviço Secreto contratado para protegê-la de um stalker. Ao passo que a relação entre Rachel e Frank se desenvolve, eles enfrentam desafios e perigos que testam seu amor e lealdade.\r\n', '14', 'oguardacostas.jpg', NULL, 2, 9, 2, 2),
(94, 'E o vento levou', '1939-12-15', '03:58:00', '\"E o vento levou\" é um épico romântico dirigido por Victor Fleming. O filme é ambientado durante a Guerra Civil Americana e segue a trajetória de Scarlett O\Hara, uma mulher determinada a conquistar o amor de Ashley Wilkes, mesmo durante os desafios e adversidades da guerra e da reconstrução do Sul.', '14', 'eoventolevou.webp', NULL, 2, 9, 2, 2),
(95, 'Antes do Amanhecer', '1995-01-27', '01:41:00', 'O filme segue Jesse, um americano, e Celine, uma francesa, que se conhecem em um trem e decidem passar uma noite juntos em Viena, antes de cada um seguir seu caminho no dia seguinte. Durante essa noite, eles conversam sobre a vida, o amor e suas esperanças e medos.\r\n', '14', 'antes-do-amanhecer.jpg', NULL, 2, 9, 2, 2),
(96, 'Millennium: Os Homens que Não Amavam as Mulheres', '2011-12-20', '02:38:00', 'Baseado no romance sueco de mesmo nome, o filme segue a história de Mikael Blomkvist, um jornalista investigativo, e Lisbeth Salander, uma hacker talentosa. Juntos, eles se envolvem em uma investigação de desaparecimento que revela segredos sombrios da família Vanger.\r\n', '18', 'millenium1.webp', NULL, 9, 9, 2, 2),
(97, 'Homem-Aranha no Aranhaverso', '2018-12-14', '01:57:00', 'É uma animação que apresenta várias versões do Homem-Aranha de diferentes realidades se unindo para impedir uma ameaça que coloca todas as dimensões em perigo. O filme acompanha a jornada de Miles Morales, um jovem que se torna o Homem-Aranha em sua realidade, enquanto aprende a dominar seus poderes e se torna parte de uma equipe de heróis aracnídeos.\r\n', '10', 'anhanoaranhaverso.jpg', NULL, 1, 6, 2, 2),
(98, 'Velozes e Furiosos', '2001-06-22', '01:46:00', '\"Velozes e Furiosos\" é uma franquia de filmes de ação que segue um grupo de pilotos de corrida ilegais e seus envolvimentos com o crime organizado. Os filmes são conhecidos por suas cenas de ação e perseguições automobilísticas, combinadas com elementos de drama e suspense.\r\n', '16', 'Velozes_e_Furiosos.webp', NULL, 3, 9, 2, 2),
(99, 'Avatar', '2009-12-18', '02:42:00', 'O filme se passa em Pandora, um planeta habitado por seres humanoides chamados Na\vi. Um ex-fuzileiro naval chamado Jake Sully se torna um avatar, um corpo biológico controlado pela mente humana, e se envolve em um conflito entre os humanos e os Na\vi, enquanto descobre a beleza e a fragilidade do ecossistema de Pandora.\r\n', '12', 'avatar1.jpg', NULL, 4, 8, 2, 2),
(100, 'Pulp Fiction', '1994-10-14', '02:34:00', 'O filme apresenta uma narrativa não linear e conta várias histórias interligadas envolvendo gangsters, boxeadores, assassinos de aluguel e outros personagens peculiares. Com diálogos marcantes e cenas violentas, \"Pulp Fiction\" é considerado um clássico moderno do cinema.\r\n', '18', 'pulpfiction.jpg', NULL, 7, 7, 2, 2),
(101, 'O Iluminado', '1980-05-23', '02:26:00', 'A trama acompanha Jack Torrance, um escritor que se muda com sua família para um isolado hotel nas montanhas para trabalhar como zelador durante o inverno. Conforme o tempo passa, o hotel revela um passado sinistro e eventos sobrenaturais começam a afetar a sanidade de Jack', '18', 'oiluminado.jpg', NULL, 5, 8, 2, 2),
(102, 'O Pianista', '2002-05-24', '02:30:00', 'Baseado em uma história real, o filme retrata a vida de Wladysław Szpilman, um pianista judeu polonês que vive em Varsóvia durante a Segunda Guerra Mundial. A história acompanha sua luta pela sobrevivência em meio à ocupação nazista e as dificuldades enfrentadas pelos judeus durante o Holocausto.\r\n', '14', 'o-pianista.jpeg', NULL, 7, 2, 2, 2),
(103, 'A Lista de Schindler', '1993-12-15', '03:15:00', 'O filme é baseado na história real de Oskar Schindler, um empresário alemão que salvou a vida de mais de mil judeus durante o Holocausto, empregando-os em suas fábricas. A trama aborda a coragem e humanidade de Schindler diante do horror da guerra.\r\n', '14', 'alistadeshindler.jpg', NULL, 7, 1, 2, 2),
(104, 'O Fabuloso Destino de Amélie Poulain', '2001-04-25', '02:02:00', 'O filme conta a história de Amélie, uma jovem sonhadora que decide intervir na vida das pessoas ao seu redor, buscando trazer felicidade e alegria a todos. Em sua jornada, ela descobre o amor e a importância de seguir seus próprios sonhos.', '12', 'ofabdeameliepoulain.webp', NULL, 2, 7, 2, 2),
(105, 'Clube da Luta', '1999-10-15', '02:19:00', 'O filme segue a vida de um homem desiludido que forma um clube clandestino de luta como forma de rebelião contra a sociedade moderna. A trama explora temas como masculinidade, identidade e alienação.\r\n', '18', 'clubedaluta.webp', NULL, 9, 1, 2, 2),
(106, 'O Rei Leão', '1994-06-15', '01:29:00', 'Simba, um jovem leão que precisa enfrentar desafios e superar a tragédia para reivindicar seu lugar como rei da Pedra do Reino. Com música cativante e personagens marcantes, o filme aborda temas de amizade, coragem e aceitação.\r\n', '10', 'oreileao.webp', NULL, 1, 4, 2, 2),
(107, '2001: Uma Odisseia no Espaço', '1968-04-02', '02:29:00', 'O filme acompanha a evolução da humanidade desde os primórdios até uma jornada espacial futurista, onde uma misteriosa presença alienígena desafia a compreensão humana. A obra é conhecida por suas imagens impactantes e abordagem filosófica.\r\n', '12', '2001.webp', NULL, 4, 9, 2, 2),
(108, 'Cidade de Deus', '2002-08-30', '02:10:00', 'O filme retrata a vida em uma favela no Rio de Janeiro, mostrando a ascensão e queda de vários personagens envolvidos com o crime e a violência. A história é baseada no livro de mesmo nome de Paulo Lins.\r\n', '16', 'cidadedeus.jpg', NULL, 7, 1, 2, 2),
(109, 'A Viagem de Chihiro', '2001-07-20', '02:05:00', 'O filme acompanha a jornada de Chihiro, uma menina de 10 anos que, ao se mudar para uma nova cidade, acaba entrando em um mundo mágico habitado por espíritos e criaturas fantásticas. Para salvar seus pais e retornar ao mundo humano, Chihiro deve enfrentar desafios e aprender lições valiosas.\r\n', '10', 'A-Viagem-de-Chihiro.webp', NULL, 1, 1, 2, 2),
(110, 'O Labirinto do Fauno', '2006-10-11', '01:59:00', 'O filme se passa na Espanha em 1944, durante o período pós-Guerra Civil, e segue a história de Ofelia, uma jovem que se refugia em um mundo fantástico para escapar da dura realidade ao seu redor. O filme mescla elementos de fantasia e horror para explorar temas de inocência, coragem e crueldade humana.\r\n', '16', 'olabirintodofauno.jpg', NULL, 4, 8, 2, 2),
(111, 'A Origem', '2010-07-16', '02:28:00', 'O filme segue a história de Dom Cobb, um especialista em roubar segredos do subconsciente das pessoas por meio de sonhos compartilhados. Ele é contratado para realizar a tarefa inversa, chamada de \"inserção\", que consiste em implantar uma ideia na mente de alguém. A trama se desenrola em meio a realidades manipuladas e reviravoltas.\r\n', '14', 'aorigem.webp', NULL, 4, 5, 2, 2),
(112, ' O Exorcista', '1973-12-26', '02:12:00', 'Um clássico do terror que acompanha a história de uma garota possuída por uma entidade demoníaca, e os esforços de um padre para exorcizá-la.', '18', 'oexorcista.jpg', NULL, 5, 7, 2, 2),
(113, 'Cães de Aluguel', '1992-10-20', '01:39:00', 'Dirigido por Quentin Tarantino, o filme acompanha um grupo de criminosos que se reúne para realizar um assalto, mas as coisas não saem como planejado e a trama se desenrola em uma narrativa não linear.\r\n', '18', 'caesdealuguel.webp', NULL, 7, 7, 2, 2),
(114, 'O Silêncio dos Inocentes', '1991-02-14', '01:58:00', 'Um suspense psicológico que segue a história da jovem agente do FBI, Clarice Starling, que busca a ajuda do famoso psiquiatra canibal, Dr. Hannibal Lecter, para capturar um assassino em série.\r\n', '18', 'o-silencio-dos-inocentes.download.jpg', NULL, 9, 2, 2, 2);


-- -----------------------------------------------------
-- Table `cine_community`.`favorito`
-- -----------------------------------------------------
DROP TABLE IF EXISTS `cine_community`.`favorito` ;

CREATE TABLE IF NOT EXISTS `cine_community`.`favorito` (
  `id_favorito` INT(11) NOT NULL AUTO_INCREMENT,
  `favorito` TINYINT(2) NULL DEFAULT NULL COMMENT 'inativo\nativo',
  `fk_id_usuario` INT(11) NOT NULL,
  `fk_id_perfil` INT NOT NULL,
  `fk_id_filme` INT(11) NOT NULL,
 PRIMARY KEY (`id_favorito`,`fk_id_filme`, `fk_id_usuario`,`fk_id_perfil`),
  INDEX `fk_favorito_favorito1_idx` (`id_favorito` ASC),
  INDEX `fk_favorito_filme1_idx` (`fk_id_filme` ASC),
  INDEX `fk_favorito_usuario1_idx` (`fk_id_usuario` ASC),
  INDEX `fk_favorito_perfil1_idx` (`fk_id_perfil` ASC),
  CONSTRAINT `fk_favorito_usuario1`
    FOREIGN KEY (`fk_id_usuario`)
    REFERENCES `cine_community`.`usuario` (`id_usuario`)
    ON DELETE NO ACTION
    ON UPDATE NO ACTION,
  CONSTRAINT `fk_favorito_filme1`
    FOREIGN KEY (`fk_id_filme`)
    REFERENCES `cine_community`.`filme` (`id_filme`)
    ON DELETE NO ACTION
    ON UPDATE NO ACTION,
  CONSTRAINT `fk_favorito_perfil1`
    FOREIGN KEY (`fk_id_perfil`)
    REFERENCES `cine_community`.`perfil` (`id_perfil`)
    ON DELETE NO ACTION
    ON UPDATE NO ACTION)
ENGINE = InnoDB
DEFAULT CHARACTER SET = utf8;


-- -----------------------------------------------------
-- Table `cine_community`.`resenha`
-- -----------------------------------------------------
DROP TABLE IF EXISTS `cine_community`.`resenha` ;

CREATE TABLE IF NOT EXISTS `cine_community`.`resenha` (
  `id_resenha` INT(11) NOT NULL AUTO_INCREMENT,
  `avaliacao_res` VARCHAR(50) NULL DEFAULT NULL,
  `titulo_res` VARCHAR(45) NULL DEFAULT NULL,
  `descricao_res` VARCHAR(800) NULL DEFAULT NULL,
  `dt_hora_res` TIMESTAMP NULL DEFAULT NULL,
  `denuncia_res` VARCHAR(50) NULL DEFAULT NULL,
  `situacao_res` VARCHAR(50) NULL DEFAULT 'Ativo' COMMENT 'Ativo, Inativo ou Bloqueado\n',
  `fk_id_usuario` INT(11) NOT NULL,
  `fk_id_perfil` INT NOT NULL,
  `fk_id_filme` INT(11) NOT NULL,
  PRIMARY KEY (`id_resenha`, `fk_id_usuario`, `fk_id_perfil`, `fk_id_filme`),
  INDEX `fk_resenha_usuario1_idx` (`fk_id_usuario` ASC),
  INDEX `fk_resenha_filme1_idx` (`fk_id_filme` ASC),
  INDEX `fk_resenha_perfil1_idx` (`fk_id_perfil` ASC),
  CONSTRAINT `fk_resenha_usuario1`
    FOREIGN KEY (`fk_id_usuario`)
    REFERENCES `cine_community`.`usuario` (`id_usuario`)
    ON DELETE NO ACTION
    ON UPDATE NO ACTION,
  CONSTRAINT `fk_resenha_filme1`
    FOREIGN KEY (`fk_id_filme`)
    REFERENCES `cine_community`.`filme` (`id_filme`)
    ON DELETE NO ACTION
    ON UPDATE NO ACTION,
  CONSTRAINT `fk_resenha_perfil1`
    FOREIGN KEY (`fk_id_perfil`)
    REFERENCES `cine_community`.`perfil` (`id_perfil`)
    ON DELETE NO ACTION
    ON UPDATE NO ACTION)
ENGINE = InnoDB
DEFAULT CHARACTER SET = utf8;

--
-- Despejando dados para a tabela `resenha`
--

INSERT INTO `resenha` (`id_resenha`, `avaliacao_res`, `titulo_res`, `descricao_res`, `dt_hora_res`, `denuncia_res`, `situacao_res`, `fk_id_filme`, `fk_id_usuario`, `fk_id_perfil`) VALUES
(1, NULL, 'comédia romântica', 'Acho que me pareço com a Kat que é uma jovem inteligente e independente que odeia o colégio e tem uma personalidade forte. Muito eu!', '2011-05-27 01:42:00', NULL, 'Ativo', 42, 3,1),
(2, NULL, 'comédia romântica', 'E eu pareço com a  Bianca!', '2011-05-27 01:42:00', NULL, 'Ativo', 42, 4,1);


-- -----------------------------------------------------
-- Table `cine_community`.`categoria_item`
-- -----------------------------------------------------
DROP TABLE IF EXISTS `cine_community`.`categoria_item` ;

CREATE TABLE IF NOT EXISTS `cine_community`.`categoria_item` (
  `id_categoria_item` INT NOT NULL AUTO_INCREMENT,
  `categoria_item` VARCHAR(45) NOT NULL,
  PRIMARY KEY (`id_categoria_item`))
ENGINE = InnoDB;

--
-- Despejando dados para a tabela `categoria_item`
--

INSERT INTO `categoria_item` (`id_categoria_item`, `categoria_item`) VALUES
(1, 'Livros e Revistas'),
(2, 'Adereços'),
(3, 'Posters e Pôsteres'); 

-- -----------------------------------------------------
-- Table `cine_community`.`item`
-- -----------------------------------------------------
DROP TABLE IF EXISTS `cine_community`.`item` ;

CREATE TABLE IF NOT EXISTS `cine_community`.`item` (
  `id_item` INT(11) NOT NULL AUTO_INCREMENT,
  `nome_item` VARCHAR(50) NOT NULL,
  `descricao_item` VARCHAR(800) NOT NULL,
  `preco_item` DECIMAL(13,2) NOT NULL DEFAULT '0.00',
  `imagem_item` VARCHAR(50) NOT NULL,
  `qtd_item` VARCHAR(2) NOT NULL DEFAULT '1',
  `fk_id_categoria_item` INT(11) NOT NULL,
  `fk_id_usuario` INT(11) NOT NULL,
  `fk_id_perfil` INT(11) NOT NULL,
  PRIMARY KEY (`id_item`, `fk_id_categoria_item`, `fk_id_usuario`, `fk_id_perfil`),
  INDEX `fk_item_categoria_item1_idx` (`fk_id_categoria_item` ASC),
  INDEX `fk_item_usuario1_idx` (`fk_id_usuario` ASC),
  INDEX `fk_item_perfil1_idx` (`fk_id_perfil` ASC),
  CONSTRAINT `fk_item_categoria_item1`
    FOREIGN KEY (`fk_id_categoria_item`)
    REFERENCES `cine_community`.`categoria_item` (`id_categoria_item`)
    ON DELETE NO ACTION
    ON UPDATE NO ACTION,
  CONSTRAINT `fk_item_usuario1`
    FOREIGN KEY (`fk_id_usuario`)
    REFERENCES `cine_community`.`usuario` (`id_usuario`)
    ON DELETE NO ACTION
    ON UPDATE NO ACTION,
  CONSTRAINT `fk_item_perfil1`
    FOREIGN KEY (`fk_id_perfil`)
    REFERENCES `cine_community`.`perfil` (`id_perfil`)
    ON DELETE NO ACTION
    ON UPDATE NO ACTION)
ENGINE = InnoDB;

--
-- Despejando dados para a tabela `item`
--

INSERT INTO `item` (`id_item`,  `nome_item`,`descricao_item`,`preco_item`, `imagem_item`, `qtd_item`,`fk_id_categoria_item` ,`fk_id_usuario`,`fk_id_perfil`) VALUES
(1, 'Action Figure - Rambo ','Este action figure do Rambo é uma representação impressionante do icônico personagem de ação. Com 15 centímetros de altura, ele possui um visual realista, calças pretas e botas robustas. O rosto esculpido exibe uma expressão determinada, com cabelo curto castanho escuro. Com várias articulações, o action figure pode ser colocado em diferentes poses. Vem com um arsenal de armas realistas. É o item perfeito para os fãs de ação e colecionadores, recriando cenas emocionantes do personagem.','199.99','rambo.webp','1',2,4,3),
(2, 'Action FIgure - Monkey D. Luffy','Este boneco do Luffy é uma representação impressionante do protagonista de "One Piece". Com 18 centímetros de altura. O rosto esculpido transmite a felicidade característica do personagem, com detalhes como o cabelo de borracha e o  traje de samurai autêntico. Com articulações flexíveis, permite poses dinâmicas e vem com acessórios como o chapéu de palha removível. É um item essencial para fãs e colecionadores, capturando a personalidade e aventuras do carismático Luffy.','499.99','luffao.jpg','2',2,4,3 ),
(3, 'Action Figure - Jason Voorhees','Este boneco é ideal para brincar seguindo suas histórias ou colecionar.Seu tamanho é de 20 cm. Com suas articulações, você pode ajustar as poses e criar histórias emocionantes com os personagens ganhando vida. É perfeito para colecionadores que desejam expandir e diversificar sua coleção.','299.99','jason.webp','4',2,4,3),
(4, 'Livro - Pôsters ','O livro "Posters" é o quinto da série Star Wars Art, curada por George Lucas. Ele reúne os melhores pôsteres de todos os seis filmes de Star Wars, da série animada The Clone Wars e de edições limitadas. Esta coleção é uma homenagem à arte dos pôsteres de Star Wars, apresentando a ação, a arte e o drama da saga em um volume magnificamente produzido.','320.00','livrostarwars.jpg','10',1,4,3),
(5, 'Revista - Aranhaverso: Aranha Zero  ',' Miles Morales é transportado através de um portal dimensional para uma nova e perigosa aventura no multiverso! No entanto, acredita-se que a Teia da Vida e do Destino havia sido destruída. Agora surge a pergunta: quem teceu a nova Teia e por quê? O Aranhaverso está em grave perigo, e é chegada a hora de uma nova reunião. Miles e seus amigos enfrentarão o desafio de consertar a Teia e restaurar o equilíbrio no multiverso. Prepare-se para testemunhar o retorno do Homem-Aranha Noir, que retorna do além-túmulo! Além disso, surge o enigma do Aranha-Zero.','29.99','hqmiranha.jpg','20',1,4,3),
(6, 'Pôster - Vingadores: Guerra Infinita  ','A Marvel Studios revolucionou a cultura pop ao criar a épica Saga do Infinito, um arco de histórias lendário que marcou uma geração de fãs. Agora, em uma edição especial, apresentamos os 23 filmes que compõem esse universo cinematográfico, cada um com seu próprio pôster gigante estilo "enciclopédia". Esses pôsteres oficiais do MCU, em formato 50x70cm, são perfeitos para colecionadores e fãs de super-heróis, permitindo que eles leiam, guardem e decorem suas paredes com essas obras de arte icônicas.','29.99','guerrainfinita.webp','20',3,4,3),
(7, 'Livro: A História do Cinema', 'Um livro abrangente sobre a história do cinema desde seus primórdios até os dias atuais.', '49.99', 'imagem1.jpg', '10', 1, 4, 3),
(8, 'Poster: Star Wars', 'Um pôster clássico do filme Star Wars, perfeito para decorar sua parede.', '9.99', 'imagem2.jpg', '20', 1, 4, 3),
(9, 'Adereço: Chapéu de Indiana Jones', 'Um adereço oficial do famoso chapéu usado por Indiana Jones nos filmes.', '29.99', 'imagem3.jpg', '5', 2, 4, 3),
(10, 'Revista: Cinefilia', 'Uma revista mensal com artigos e críticas sobre os lançamentos e clássicos do cinema.', '7.99', 'imagem4.jpg', '15', 1, 4, 3),
(11, 'Livro: Os Grandes Diretores', 'Um livro que explora a vida e obra dos grandes diretores de cinema de todos os tempos.', '39.99', 'imagem5.jpg', '8', 1, 4,3),
(12, 'Poster: O Poderoso Chefão', 'Um pôster do clássico filme O Poderoso Chefão, uma obra-prima do cinema.', '14.99', 'imagem6.jpg', '12', 3, 4, 3),
(13, 'Adereço: Varinha de Harry Potter', 'Uma réplica da varinha mágica usada por Harry Potter nos filmes da saga.', '19.99', 'imagem7.jpg', '3', 2, 4, 3),
(14, 'Revista: Cinematográfico', 'Uma revista quinzenal com entrevistas, ensaios e curiosidades sobre a sétima arte.', '6.99', 'imagem8.jpg', '18', 1, 4, 3),
(15, 'Livro: Técnicas de Direção', 'Um guia prático com dicas e técnicas para diretores de cinema aprimorarem suas habilidades.', '29.99', 'imagem9.jpg', '6', 1, 4, 3),
(16, 'Poster: Titanic', 'Um pôster do famoso filme Titanic, que emocionou o mundo todo.', '9.99', 'imagem10.jpg', '25', 3, 4, 3),
(17, 'Adereço: Máscara de Darth Vader', 'Uma máscara realista do icônico vilão Darth Vader da saga Star Wars.', '34.99', 'imagem11.jpg', 2, 2, 4, 3),
(18, 'Revista: CineMania', 'Uma revista mensal com matérias especiais e entrevistas com atores e atrizes renomados.', '7.99', 'imagem12.jpg', '20', 1, 4, 3),
(19, 'Livro: Teoria do Cinema', 'Uma obra que explora as teorias e conceitos fundamentais da linguagem cinematográfica.', '49.99', 'imagem13.jpg', '5', 1, 4, 3),
(20, 'Poster: Vingadores: Ultimato', 'Um pôster épico do filme Vingadores: Ultimato, o culminar de uma década de filmes da Marvel.', '14.99', 'imagem14.jpg', '15', 3, 4, 3),
(21, 'Adereço: Máscara de Jason Voorhees', 'Uma máscara assustadora do personagem Jason Voorhees da série de filmes Sexta-Feira 13.', '24.99', 'imagem15.jpg', '4', 2, 4, 3),
(22, 'Revista: Cinema em Foco', 'Uma revista mensal com análises aprofundadas e críticas sobre os lançamentos mais recentes.', '6.99', 'imagem16.jpg', '25', 1, 4, 3),
(23, 'Livro: Os Bastidores de Hollywood', 'Um livro que revela os segredos e histórias dos bastidores da indústria cinematográfica de Hollywood.', '39.99', 'imagem17.jpg', '10', 1, 4, 3),
(24, 'Poster: O Senhor dos Anéis', 'Um pôster da trilogia O Senhor dos Anéis, uma das maiores sagas do cinema.', '9.99', 'imagem18.jpg', '30', 3, 4, 3),
(25, 'Adereço: Varinha de Hermione Granger', 'Uma réplica da varinha mágica usada por Hermione Granger nos filmes de Harry Potter.', '19.99', 'imagem19.jpg', '8', 2, 4, 3),
(26, 'Fantasia Michael Myers', 'Uma roupa do primeiro filme da saga, com detalhes impressionantes e realistas.', '7.99', 'imagem20.jpg', '20', 2, 4, 3),
(27, 'Livro: Roteiro de Cinema', 'Um guia prático para a escrita de roteiros cinematográficos, com exemplos e exercícios.', '29.99', 'imagem21.jpg', '5', 1, 4, 3),
(28, 'Poster: Matrix', 'Um pôster do filme Matrix, um marco da ficção científica no cinema.', '14.99', 'imagem22.jpg', '12',3, 4, 3),
(29, 'Adereço: Capa de Superman', 'Uma capa oficial do super-herói Superman, ideal para os fãs do icônico personagem.', '29.99', 'imagem23.jpg','3', 2, 4, 3),
(30, 'Revista: CinePremiere', 'Uma revista mensal com cobertura de estreias, entrevistas e reportagens especiais sobre o cinema.', '6.99', 'imagem24.jpg', '18', 1, 4, 3),
(31, 'Livro: Fotografia no Cinema', 'Um livro que explora a importância da fotografia na criação de atmosfera e narrativa cinematográfica.', '34.99', 'imagem25.jpg', '7', 1, 4, 3),
(32, 'Poster: Pulp Fiction', 'Um pôster do icônico filme Pulp Fiction, dirigido por Quentin Tarantino.', '9.99', 'imagem26.jpg', '22', 3, 4, 3),
(33, 'Adereço: Varinha de Lord Voldemort', 'Uma réplica da varinha mágica usada por Lord Voldemort na saga Harry Potter.', '24.99', 'imagem27.jpg', '2', 2, 4, 3),
(34, 'Revista: CineWorld', 'Uma revista mensal com notícias, entrevistas e análises sobre o mundo do cinema.', '7.99', 'imagem28.jpg', '15', 1, 4, 3),
(35, 'Livro: Efeitos Especiais no Cinema', 'Um livro que explora os bastidores e técnicas utilizadas na criação de efeitos especiais no cinema.', '49.99', 'imagem29.jpg', '6', 1, 4, 3),
(36, 'Poster: O Exorcista', 'Um pôster do clássico filme O Exorcista, um dos filmes de terror mais impactantes de todos os tempos.', '14.99', 'imagem30.jpg', '10',3,4,3);

-- -----------------------------------------------------
-- Table `cine_community`.`carrinho`
-- -----------------------------------------------------
DROP TABLE IF EXISTS `cine_community`.`carrinho` ;

CREATE TABLE IF NOT EXISTS `cine_community`.`carrinho` (
  `id_carrinho` INT(11) NOT NULL AUTO_INCREMENT,
  `qtd_compra` VARCHAR(2) NOT NULL DEFAULT '1',
  `preco` DECIMAL(13,2) NOT NULL DEFAULT '0.00',
  `dt_hora_car` TIMESTAMP NOT NULL DEFAULT CURRENT_TIMESTAMP(),
  `fk_id_item` INT(11) NOT NULL,
  `fk_id_usuario` INT(11) NOT NULL,
  `fk_id_perfil` INT(11) NOT NULL,
  PRIMARY KEY (`id_carrinho`, `fk_id_item`, `fk_id_usuario`, `fk_id_perfil`),
  INDEX `fk_carrinho_item1_idx` (`fk_id_item` ASC),
  INDEX `fk_carrinho_usuario1_idx` (`fk_id_usuario` ASC),
  INDEX `fk_carrinho_peril1_idx` (`fk_id_perfil` ASC),
  CONSTRAINT `fk_carrinho_item1`
    FOREIGN KEY (`fk_id_item`)
    REFERENCES `cine_community`.`item` (`id_item`)
    ON DELETE NO ACTION
    ON UPDATE NO ACTION,
  CONSTRAINT `fk_carrinho_usuario1`
    FOREIGN KEY (`fk_id_usuario`)
    REFERENCES `cine_community`.`usuario` (`id_usuario`)
    ON DELETE NO ACTION
    ON UPDATE NO ACTION,
  CONSTRAINT `fk_carrinho_perfil1`
    FOREIGN KEY (`fk_id_perfil`)
    REFERENCES `cine_community`.`perfil` (`id_perfil`)
    ON DELETE NO ACTION
    ON UPDATE NO ACTION)
ENGINE = InnoDB;

-- -----------------------------------------------------
-- Table `cine_community`.`compra`
-- -----------------------------------------------------
DROP TABLE IF EXISTS `cine_community`.`compra` ;

CREATE TABLE IF NOT EXISTS `cine_community`.`compra` (
  `id_compra` INT NOT NULL AUTO_INCREMENT,
  `qtd_compra` VARCHAR(45) NULL,
  `preco_compra` VARCHAR(45) NULL,
  `dt_hora_compra` DATETIME NULL DEFAULT CURRENT_TIMESTAMP(),
  `status_compra` VARCHAR(45) NULL COMMENT 'Em progresso, Pendente, Concluída, Cancelada',
  `tipo_pagamento` VARCHAR(45) NULL DEFAULT 'PIX' COMMENT 'PIX\\nCartão de Crédio\\nCartão de Débito\\nBoleto',
  `fk_id_item` INT(11) NOT NULL,
  `fk_id_usuario` INT(11) NOT NULL,
  `fk_id_perfil` INT(11) NOT NULL,
  PRIMARY KEY (`id_compra`, `fk_id_item`, `fk_id_usuario`, `fk_id_perfil`),
  INDEX `fk_compra_item1_idx` (`fk_id_item` ASC),
  INDEX `fk_compra_usuario1_idx` (`fk_id_usuario` ASC),
  INDEX `fk_compra_peril1_idx` (`fk_id_perfil` ASC),
  CONSTRAINT `fk_compra_item1`
    FOREIGN KEY (`fk_id_item`)
    REFERENCES `cine_community`.`item` (`id_item`)
    ON DELETE NO ACTION
    ON UPDATE NO ACTION,
  CONSTRAINT `fk_compra_usuario1`
    FOREIGN KEY (`fk_id_usuario`)
    REFERENCES `cine_community`.`usuario` (`id_usuario`)
    ON DELETE NO ACTION
    ON UPDATE NO ACTION,
  CONSTRAINT `fk_compra_perfil1`
    FOREIGN KEY (`fk_id_perfil`)
    REFERENCES `cine_community`.`perfil` (`id_perfil`)
    ON DELETE NO ACTION
    ON UPDATE NO ACTION)
ENGINE = InnoDB;

-- -----------------------------------------------------
-- Table `cine_community`.`transacao`
-- -----------------------------------------------------
DROP TABLE IF EXISTS `cine_community`.`transacao` ;

CREATE TABLE IF NOT EXISTS `cine_community`.`transacao` (
  `id_transacao` INT(11) NOT NULL AUTO_INCREMENT,
  `tipo_trans` ENUM('compra', 'venda') NOT NULL COMMENT 'Compra, Venda',
  `dt_hora_trans` TIMESTAMP NOT NULL DEFAULT CURRENT_TIMESTAMP(),
  `status_trans` VARCHAR(50) NOT NULL DEFAULT 'Em Progresso' COMMENT 'Pendente, Concluída, Cancelada,Em Progresso',
  `valor_total` DECIMAL(13,2) NOT NULL,
  `tipo_pagamento_trans` VARCHAR(45) NULL DEFAULT 'PIX' COMMENT 'PIX\\nCartão de Crédio\\nCartão de Débito\\nMercado Pago',
  `qtd_trans` VARCHAR(2) NOT NULL DEFAULT '1',
  `fk_id_compra` INT NOT NULL,
  `fk_id_item` INT(11) NOT NULL,
  `fk_id_usuario` INT(11) NOT NULL,
  `fk_id_perfil` INT(11) NOT NULL,
  PRIMARY KEY (`id_transacao`, `fk_id_compra`,`fk_id_item`, `fk_id_usuario`, `fk_id_perfil`),
  INDEX `fk_transacao_compra1_idx` (`fk_id_compra` ASC) ,
  INDEX `fk_transacao_item1_idx` (`fk_id_item` ASC),
  INDEX `fk_transacao_usuario1_idx` (`fk_id_usuario` ASC),
  INDEX `fk_transacao_peril1_idx` (`fk_id_perfil` ASC),
  CONSTRAINT `fk_transacao_compra1`
    FOREIGN KEY (`fk_id_compra`)
    REFERENCES `cine_community`.`compra` (`id_compra`)
    ON DELETE NO ACTION
    ON UPDATE NO ACTION, 
  CONSTRAINT `fk_transacao_item1`
    FOREIGN KEY (`fk_id_item`)
    REFERENCES `cine_community`.`item` (`id_item`)
    ON DELETE NO ACTION
    ON UPDATE NO ACTION,
  CONSTRAINT `fk_transacao_usuario1`
    FOREIGN KEY (`fk_id_usuario`)
    REFERENCES `cine_community`.`usuario` (`id_usuario`)
    ON DELETE NO ACTION
    ON UPDATE NO ACTION,
  CONSTRAINT `fk_transacao_perfil1`
    FOREIGN KEY (`fk_id_perfil`)
    REFERENCES `cine_community`.`perfil` (`id_perfil`)
    ON DELETE NO ACTION
    ON UPDATE NO ACTION)
ENGINE = InnoDB;

-- -----------------------------------------------------
-- Table `cine_community`.`item_contem_compra`
-- -----------------------------------------------------
DROP TABLE IF EXISTS `cine_community`.`item_contem_compra` ;

CREATE TABLE IF NOT EXISTS `cine_community`.`item_contem_compra` (
  `fk_id_item` INT(11) NOT NULL,
  `fk_id_compra` INT NOT NULL,
  PRIMARY KEY (`fk_id_item`, `fk_id_compra`),
  INDEX `fk_item_has_compra_compra1_idx` (`fk_id_compra` ASC),
  INDEX `fk_item_has_compra_item1_idx` (`fk_id_item` ASC),
  CONSTRAINT `fk_item_has_compra_item1`
    FOREIGN KEY (`fk_id_item`)
    REFERENCES `cine_community`.`item` (`id_item`)
    ON DELETE NO ACTION
    ON UPDATE NO ACTION,
  CONSTRAINT `fk_item_has_compra_compra1`
    FOREIGN KEY (`fk_id_compra`)
    REFERENCES `cine_community`.`compra` (`id_compra`)
    ON DELETE NO ACTION
    ON UPDATE NO ACTION)
ENGINE = InnoDB;

SET SQL_MODE=@OLD_SQL_MODE;
SET FOREIGN_KEY_CHECKS=@OLD_FOREIGN_KEY_CHECKS;
SET UNIQUE_CHECKS=@OLD_UNIQUE_CHECKS;