-- MySQL Script generated by MySQL Workbench
-- Mon May  1 18:40:59 2023
-- Model: New Model    Version: 1.0
-- MySQL Workbench Forward Engineering

SET @OLD_UNIQUE_CHECKS=@@UNIQUE_CHECKS, UNIQUE_CHECKS=0;
SET @OLD_FOREIGN_KEY_CHECKS=@@FOREIGN_KEY_CHECKS, FOREIGN_KEY_CHECKS=0;
SET @OLD_SQL_MODE=@@SQL_MODE, SQL_MODE='TRADITIONAL,ALLOW_INVALID_DATES';

-- -----------------------------------------------------
-- Schema resenha_de_filme
-- -----------------------------------------------------
DROP SCHEMA IF EXISTS `resenha_de_filme` ;

-- -----------------------------------------------------
-- Schema resenha_de_filme
-- -----------------------------------------------------
CREATE SCHEMA IF NOT EXISTS `resenha_de_filme` DEFAULT CHARACTER SET utf8 ;
USE `resenha_de_filme` ;

-- -----------------------------------------------------
-- Table `resenha_de_filme`.`usuario`
-- -----------------------------------------------------
DROP TABLE IF EXISTS `resenha_de_filme`.`usuario` ;

CREATE TABLE IF NOT EXISTS `resenha_de_filme`.`usuario` (
  `id_usuario` INT NOT NULL AUTO_INCREMENT,
  `nome_usu` VARCHAR(100) NOT NULL,
  `nickname_usu` VARCHAR(100) NULL,
  `dt_de_nasci_usu` DATE NULL DEFAULT NULL,
  `genero_usu` ENUM('masculino','feminino','naoBinario','naoDeclarar') NOT NULL COMMENT 'masculino, feminino, naoBinario, naoDeclarar',
  `email_usu` VARCHAR(100) NOT NULL,
  `senha_usu` VARCHAR(60) NOT NULL,
  `situacao_usu` VARCHAR(50) NULL DEFAULT NULL COMMENT 'Ativo, Inativo ou Bloqueado\n',
  `perfil_usu` VARCHAR(15) NULL DEFAULT 'usuario' COMMENT 'usuario, administrador, moderador',
  `foto_usu` VARCHAR(500) NULL DEFAULT NULL,
  PRIMARY KEY (`id_usuario`))
ENGINE = InnoDB;

--
-- Despejando dados para a tabela `usuario`
--

INSERT INTO `usuario` (`id_usuario`, `nome_usu`,`nickname_usu`,`dt_de_nasci_usu`,`genero_usu`,`email_usu`,`senha_usu`,`situacao_usu`,`perfil_usu`,`foto_usu`) 
VALUES
(1, 'Maryna',NULL,'1987-06-05','feminino','adm@email.com',MD5('123456'),'Ativo','administrador',NULL),
(2, 'Maya','Mayalice','2000-12-08','feminino','maya@email.com',MD5('123'),'Ativo','usuario',NULL);


-- -----------------------------------------------------
-- Table `resenha_de_filme`.`categoria_filme`
-- -----------------------------------------------------
DROP TABLE IF EXISTS `resenha_de_filme`.`categoria_filme` ;

CREATE TABLE IF NOT EXISTS `resenha_de_filme`.`categoria_filme` (
  `id_categoria_filme` INT NOT NULL AUTO_INCREMENT,
  `categoria_filme` VARCHAR(45) NOT NULL,
  PRIMARY KEY (`id_categoria_filme`))
ENGINE = InnoDB;


--
-- Despejando dados para a tabela `categoria_filme`
--

INSERT INTO `categoria_filme` (`id_categoria_filme`, `categoria_filme`) VALUES
(1, 'INFANTIL'),(2, 'ROMANCE'),(3, 'AÇÃO'),(4, 'FICÇÃO'),(5, 'TERROR'),(6, 'COMEDIA'),(7, 'DRAMA'),(8, 'FAROESTE'),(9, 'SUSPENSE');


-- -----------------------------------------------------
-- Table `resenha_de_filme`.`canal_filme`
-- -----------------------------------------------------
DROP TABLE IF EXISTS `resenha_de_filme`.`canal_filme` ;

CREATE TABLE IF NOT EXISTS `resenha_de_filme`.`canal_filme` (
  `id_canal_filme` INT NOT NULL AUTO_INCREMENT,
  `canal_filme` VARCHAR(45) NOT NULL,
  PRIMARY KEY (`id_canal_filme`))
ENGINE = InnoDB;


--
-- Despejando dados para a tabela `canal_filme`
--

INSERT INTO `canal_filme` (`id_canal_filme`, `canal_filme`) VALUES
(1, 'INFANTIL'),(2, 'ROMANCE'),(3, 'AÇÃO'),(4, 'FICÇÃO'),(5, 'TERROR'),(6, 'COMEDIA'),(7, 'DRAMA'),(8, 'FAROESTE'),(9, 'SUSPENSE');

-- -----------------------------------------------------
-- Table `resenha_de_filme`.`filme`
-- -----------------------------------------------------
DROP TABLE IF EXISTS `resenha_de_filme`.`filme` ;

CREATE TABLE IF NOT EXISTS `resenha_de_filme`.`filme` (
  `id_filme` INT NOT NULL AUTO_INCREMENT,
  `nome_filme` VARCHAR(80) NOT NULL,
  `dt_de_lancamento_filme` DATE NULL DEFAULT NULL,
  `duracao_filme` TIME NULL DEFAULT NULL,
  `sinopse_filme` VARCHAR(250) NOT NULL,
  `classificacao_filme` VARCHAR(50) NOT NULL,
  `capa_filme` VARCHAR(50) NOT NULL,
  `trailer_filme` VARCHAR(50) NULL DEFAULT NULL,
  `fk_usuario_id_usuario` INT NOT NULL,
  `fk_categoria_filme_id_categoria_filme` INT NOT NULL,
  `fk_canal_filme_id_canal_filme` INT NOT NULL,
  PRIMARY KEY (`id_filme`, `fk_usuario_id_usuario`, `fk_categoria_filme_id_categoria_filme`, `fk_canal_filme_id_canal_filme`),
  INDEX `fk_filme_usuario1_idx` (`fk_usuario_id_usuario` ASC),
  INDEX `fk_filme_categoria_filme1_idx` (`fk_categoria_filme_id_categoria_filme` ASC) ,
  INDEX `fk_filme_canal_filme1_idx` (`fk_canal_filme_id_canal_filme` ASC) ,
  CONSTRAINT `fk_filme_usuario1`
    FOREIGN KEY (`fk_usuario_id_usuario`)
    REFERENCES `resenha_de_filme`.`usuario` (`id_usuario`)
    ON DELETE NO ACTION
    ON UPDATE NO ACTION,
  CONSTRAINT `fk_filme_categoria_filme1`
    FOREIGN KEY (`fk_categoria_filme_id_categoria_filme`)
    REFERENCES `resenha_de_filme`.`categoria_filme` (`id_categoria_filme`)
    ON DELETE NO ACTION
    ON UPDATE NO ACTION,
  CONSTRAINT `fk_filme_canal_filme1`
    FOREIGN KEY (`fk_canal_filme_id_canal_filme`)
    REFERENCES `resenha_de_filme`.`canal_filme` (`id_canal_filme`)
    ON DELETE NO ACTION
    ON UPDATE NO ACTION)
ENGINE = InnoDB
DEFAULT CHARACTER SET = big5;

--
-- Despejando dados para a tabela `filme`
--

INSERT INTO `filme` (`id_filme`, `nome_filme`, `dt_de_lancamento_filme`, `duracao_filme`, `sinopse_filme`, `classificacao_filme`, `capa_filme`, `trailer_filme`, `fk_usuario_id_usuario`, `fk_categoria_filme_id_categoria_filme`, `fk_canal_filme_id_canal_filme`) VALUES
(1, 'Menina de Ouro', '2005-02-11', '02:12:00', 'Frankie Dunne (Clint Eastwood) passou toda a sua vida no ringue, gerenciando e treinando boxeadores de elite. Frankie costuma passar para os lutadores com quem trabalha as mesmas li??es que seguiu ao longo de sua vida: acima de tudo, proteja-se. Feri', '12', 'meninadeouro.jfif', '', 2, 3, 3),
(2, 'Um Dia de C?o', '1976-04-12', '02:10:00', 'Em agosto de 1972, um assalto a banco no Brooklyn chamou a aten??o da m?dia e se transformou em um show lotado. Este foi um roubo que duraria apenas dez minutos em teoria, mas algumas horas depois, os ladr?es Sonny (Al Pacino) e Sal (John Cazale) ain', '14', 'umdiadecao.jfif', '', 2, 8, 2),
(3, 'Aftersun', '2022-12-01', '01:42:00', 'Em Aftersun, Sophie, de onze anos, e seu pai Callum est?o de f?rias em um clube na costa da Turquia no final dos anos 90. Eles tomam banho, jogam sinuca e desfrutam da companhia amig?vel um do outro. Callum era a melhor vers?o de si mesmo quando esta', '14', 'Aftersun.jfif', '', 2, 8, 2),
(4, 'Inc?ndios', '2010-09-17', '02:10:00', 'Nawal, uma mulher moribunda do Oriente M?dio que vive em Montreal, deixou cartas para seus filhos g?meos lerem quando ela morreu. Jenny deve dar seu pai a um pai que ela nunca conheceu, e Simon deve dar seu pai a um irm?o que ele nunca conheceu.', '14', 'icendios.jfif', '', 2, 8, 2),
(5, 'Druk - Mais uma Rodada', '2020-09-24', '01:57:00', '? um filme dinamarqu?s que conta a hist?ria de quatro amigos professores que decidem embarcar em um experimento arriscado: manter um n?vel constante de ?lcool no sangue todos os dias. O experimento come?a como uma tentativa de encontrar mais prazer n', '16', 'druk.jfif', '', 2, 8, 2),
(6, 'A Ca?a', '2012-05-20', '01:55:00', '? um drama dinamarqu?s dirigido por Thomas Vinterberg e estrelado por Mads Mikkelsen. O filme conta a hist?ria de Lucas, um professor de jardim de inf?ncia que ? injustamente acusado de abusar sexualmente de uma crian?a. Apesar de sua inoc?ncia, Luca', '14', 'acaca.jfif', '', 2, 8, 2),
(7, 'Arctic', '2018-05-10', '01:37:00', 'O filme conta a hist?ria de um piloto de avi?o que fica preso em meio ao ?rtico ap?s um acidente a?reo. Ele tenta sobreviver em um ambiente hostil e desolado, lutando contra as condi??es adversas e a falta de recursos, enquanto espera pelo resgate.', '14', 'artic.jpg', '', 2, 8, 2),
(8, 'Bastardos Ingl?rios', '2009-10-09', '02:33:00', '? um filme de guerra dirigido por Quentin Tarantino que se passa na Fran?a ocupada pelos nazistas durante a Segunda Guerra Mundial. O filme segue um grupo de soldados judeus americanos liderados pelo Tenente Aldo Raine (interpretado por Brad Pitt), q', '18', 'bastardos.jfif', '', 2, 8, 2),
(9, 'A Baleia', '2023-02-26', '01:57:00', 'Segue a hist?ria de Charlie (interpretado por Brendan Fraser), um professor de ingl?s recluso que luta contra um transtorno de compuls?o alimentar e vive com obesidade severa. Ele d? aulas online, mas tem medo de ser visto e sempre deixa a webcam des', '16', 'baleia.jfif', '', 2, 8, 2),
(10, 'Halloween - A noite do Terror', '1978-10-25', '01:31:00', 'Michael Myers (interpretado por Tony Moran) ? um psicopata que foi internado em uma institui??o h? 15 anos, ap?s ter assassinado brutalmente sua pr?pria irm?. Apesar de estar sob cust?dia, ele consegue escapar e volta para sua cidade natal com o intu', '16', 'halloween.jfif', '', 2, 6, 6),
(11, 'Halloween 2 - O Pesadelo Continua', '1981-10-30', '01:45:00', 'Em Haddonfield, Illinois, na noite de Halloween de 1978, Michael Myers matou tr?s estudantes e tentou assassinar Laurie Strode. Ele foi impedido pelo psiquiatra dele, Samuel Loomis, que o feriu com seis tiros. Myers conseguiu escapar mesmo ferido, e ', '18', 'halloween2.jfif', '', 2, 6, 2),
(12, 'Halloween III - A Noite das Bruxas', '1982-10-22', '01:39:00', 'Um m?dico e uma jovem investigam uma empresa que fabrica m?scaras de Halloween que possuem um efeito estranho e fatal sobre as crian?as. Eles descobrem que o dono da empresa planeja us?-las em um ritual antigo para ressuscitar a era das bruxas de Sal', '16', 'halloween3.jpg', '', 2, 6, 8),
(13, 'Halloween 4 – O Retorno de Michael Myers', '1988-10-21', '01:28:00', 'Depois de dez anos em coma, Michael Myers escapa de um hospital psiqui?trico e retorna ? cidade de Haddonfield para continuar sua onda de assassinatos. Ele persegue sua sobrinha Jamie Lloyd, que come?a a ter vis?es dele e se comporta de maneira estra', '18', 'Halloween4poster.jpg', '', 1, 6, 2),
(14, 'Halloween 5 - A Vingan?a de Michael Myers', '1989-10-13', '01:36:00', 'Um ano depois dos eventos do filme anterior, Michael Myers sobrevive ? sua aparente morte e continua sua persegui??o a Jamie Lloyd, que agora est? internada em uma cl?nica psiqui?trica. Enquanto isso, o Dr. Loomis tenta capturar Myers e descobrir a o', '18', 'halloween5.jfif', '', 1, 6, 2),
(15, 'Halloween 6: A ?ltima Vingan?a', '1995-10-29', '01:27:00', 'Seis anos ap?s os eventos do filme anterior, Michael Myers retorna a Haddonfield para perseguir Jamie Lloyd, agora uma m?e solteira, e seu filho rec?m-nascido. Enquanto isso, um culto misterioso liderado por um homem chamado Dr. Wynn est? envolvido e', '18', 'halloween6.jpg', '', 1, 6, 2),
(16, 'Halloween H20: Vinte Anos Depois', '1998-08-05', '01:43:00', 'Vinte anos ap?s os eventos do filme original de Halloween, Laurie Strode (Jamie Lee Curtis), agora vivendo sob um nome falso, ? diretora de uma escola particular em um local isolado na Calif?rnia. Ela tenta levar uma vida normal com seu filho adolesc', '18', 'halloweenh20.jpg', '', 1, 6, 2),
(17, 'Halloween – Ressurrei??o', '2002-07-12', '01:34:00', 'Um grupo de estudantes de uma universidade ? convidado para participar de um reality show transmitido ao vivo na internet em que eles precisam passar a noite na casa onde Michael Myers supostamente cresceu. Mas o que eles n?o sabem ? que Michael Myer', '18', 'halloweenre.jpg', '', 1, 6, 2),
(18, 'Halloween – O In?cio', '2007-08-31', '02:01:00', 'Este filme ? um reboot da s?rie \"Halloween\" e conta a hist?ria de Michael Myers quando ele era crian?a, mostrando como ele se tornou um assassino em s?rie. O filme segue a inf?ncia de Michael Myers, que foi abusado pela m?e e pelo padrasto e passou p', '18', 'halloween1.jfif', '', 1, 6, 2),
(19, 'Halloween II (remake)', '2009-08-28', '01:45:00', 'O filme continua a hist?ria de Michael Myers e Laurie Strode ap?s os eventos do filme anterior. Laurie tenta lidar com os traumas que sofreu e come?a a ter vis?es de Michael. Enquanto isso, Michael sobrevive ao tiroteio da pol?cia e segue sua jornada', '18', 'halloween-ii.jfif', '', 1, 6, 2),
(20, 'Halloween(remake)', '2018-10-19', '01:46:00', 'O filme ? uma sequ?ncia direta do filme original de 1978 e ignora todos os outros filmes da franquia \"Halloween\". A hist?ria se passa 40 anos ap?s os eventos do filme original e mostra Laurie Strode (interpretada novamente por Jamie Lee Curtis) prepa', '18', 'halloween11.jfif', '', 1, 6, 2),
(21, 'Halloween Kills: O Terror Continua', '2021-10-15', '01:45:00', 'O filme ? uma sequ?ncia direta de \"Halloween\" (remake) de 2018 e mostra a continua??o da hist?ria de Laurie Strode e sua fam?lia enquanto enfrentam novamente Michael Myers, que sobreviveu ao inc?ndio na casa de Laurie. A cidade de Haddonfield agora e', '18', 'kills.png', '', 1, 6, 2),
(22, 'Halloween Ends', '2022-10-14', '01:51:00', 'O filme ? o terceiro e ?ltimo da trilogia iniciada com \"Halloween\" (2018) e seguida por \"Halloween Kills\" (2021). A trama acompanha Laurie Strode e sua fam?lia em um confronto final contra Michael Myers, que j? causou muitas mortes e destrui??o em Ha', '18', 'ends.jpg', '', 1, 6, 2),
(23, 'Um Lugar Silencioso', '2018-04-05', '01:30:00', 'Em um futuro p?s-apocal?ptico, a humanidade ? dizimada por criaturas misteriosas que s?o cegas mas t?m um senso agu?ado de audi??o. Uma fam?lia tenta sobreviver em meio ao sil?ncio absoluto, enquanto tenta evitar chamar a aten??o das criaturas.', '14', 'umlugarsilencioso2.jpg', '', 1, 6, 2),
(24, 'Um Lugar Silencioso - Parte II', '2021-05-28', '01:37:00', 'Na continua??o, a fam?lia Abbott continua a enfrentar as criaturas que ca?am pela audi??o, enquanto tenta sobreviver em um mundo p?s-apocal?ptico. O filme tamb?m explora a hist?ria de outros personagens, como um grupo de sobreviventes liderado por Em', '12', 'umlugarsilencioso.jpg', '', 1, 6, 2),
(26, 'Os Imperdo?veis', '1992-08-07', '02:11:00', 'O filme conta a hist?ria de William Munny (Clint Eastwood), um antigo pistoleiro que agora vive como fazendeiro vi?vo com seus filhos. Quando uma jovem prostituta ? brutalmente espancada por um dos clientes em um bordel, outras prostitutas decidem co', '14', 'imperdoaveis.jfif', '', 1, 9, 2),
(27, 'Tr?s Homens em Conflito', '1966-12-23', '02:41:00', ' A hist?ria come?a com \"O Bom\" (Clint Eastwood), um pistoleiro solit?rio que est? em busca de uma fortuna em ouro. \"O Mau\" (Lee Van Cleef), outro pistoleiro experiente, est? atr?s da mesma fortuna e se alia a \"O Feio\" (Eli Wallach), um ladr?o mexican', '14', 'treshomens.jfif', '', 1, 9, 2),
(28, 'Django Livre', '2012-12-25', '02:45:00', ' Se passa no sul dos Estados Unidos, dois anos antes da Guerra Civil Americana. Django (Jamie Foxx) ? um escravo liberto que se une a um ca?ador de recompensas alem?o chamado Dr. King Schultz (Christoph Waltz) para encontrar e libertar sua esposa, Br', '16', 'django.jpg', '', 1, 9, 2),
(29, 'O Regresso', '2015-12-25', '02:36:00', ' Conta a hist?ria do explorador Hugh Glass (Leonardo DiCaprio), que ? atacado por um urso e deixado para morrer por sua equipe. Apesar dos ferimentos graves, Glass sobrevive e inicia uma jornada ?pica de vingan?a contra seus companheiros, liderados p', '16', 'oregresso.png', '', 1, 9, 2),
(30, 'A Salva??o', '2014-05-17', '01:40:00', ' A trama se passa na Am?rica do Norte do final do s?culo XIX e segue a hist?ria de Jon (Mads Mikkelsen), um imigrante dinamarqu?s que vive em uma comunidade de fazendeiros em terras ?ridas. Quando sua esposa e filho s?o brutalmente assassinados, Jon ', '16', 'asalvacao.png', '', 1, 9, 2),
(31, 'Terra Sem Lei', '2016-12-10', '01:40:00', ' A trama se passa no final do s?culo XIX em uma regi?o remota do oeste americano, onde uma jovem chamada Liz (Dakota Fanning) busca vingan?a contra um pastor fan?tico e seus seguidores, que acreditam em castigo divino e aterrorizam a comunidade local', '16', 'terra-sem-lei-poster.png', '', 1, 9, 2),
(32, 'A marca da Forca', '1968-07-31', '01:56:00', ' O filme conta a hist?ria de um cowboy chamado Jed Cooper (Clint Eastwood), que ? injustamente acusado de roubo e assassinato e, em seguida, sentenciado ? forca. Ele consegue sobreviver e ? encontrado por um juiz que lhe oferece um cargo de xerife, d', '16', 'amarcadaforca.jpg', '', 1, 9, 2),
(33, 'Onde os Fracos N?o T?m Vez', '2007-11-21', '02:02:00', 'A hist?ria se passa em 1980, no Texas. Llewelyn Moss (interpretado por Josh Brolin) encontra uma mala cheia de dinheiro ap?s um tiroteio que ocorreu nas proximidades e decide ficar com o dinheiro. Logo, ele ? perseguido por um assassino implac?vel, A', '16', 'ondeosfracosnaotemvez.jfif', '', 1, 9, 2),
(34, 'Bravura Ind?mita', '2010-12-22', '01:50:00', ' A hist?ria se passa em 1870, no Velho Oeste americano. A adolescente Mattie Ross (interpretada por Hailee Steinfeld) contrata o xerife Rooster Cogburn (interpretado por Jeff Bridges), um homem dur?o e b?bado, para encontrar e capturar o homem que ma', '16', 'bravuraindomita.jpg', '', 1, 9, 2),
(35, 'Era uma Vez no Oeste', '1968-12-21', '02:45:00', '  A hist?ria se passa no Velho Oeste americano e gira em torno de um conflito entre um bando de assassinos liderados por Frank (interpretado por Henry Fonda) e uma mulher misteriosa chamada Jill (interpretada por Claudia Cardinale), que herda terras ', '14', 'era-uma-vez-no-oeste-poster-1.jpg', '', 1, 9, 2),
(36, 'Por um Punhado de D?lares', '1964-09-12', '01:39:00', '   O filme conta a hist?ria de Joe (Clint Eastwood), um pistoleiro que chega a uma cidade fronteiri?a dominada por duas gangues rivais. Joe decide usar a rivalidade entre as gangues para seu pr?prio benef?cio, mas acaba se envolvendo em uma trama per', '14', 'porumpunhadodedolares.jfif', '', 1, 9, 2),
(37, 'Me Chame Pelo Seu Nome', '2017-11-24', '02:10:00', '   O filme se passa na It?lia no ver?o de 1983 e conta a hist?ria de Elio (Timoth?e Chalamet), um jovem de 17 anos que se apaixona por Oliver (Armie Hammer), um acad?mico americano de 24 anos que est? hospedado na casa de Elio como assistente de pesq', '14', 'mechamepelonome.jfif', '', 1, 2, 2),
(38, 'As Pontes de Madison', '1995-06-02', '02:15:00', '  O filme ? baseado no romance hom?nimo de Robert James Waller e conta a hist?ria de Francesca Johnson (Meryl Streep), uma dona de casa do interior de Iowa que vive uma vida mon?tona com seu marido e filhos. Um dia, enquanto seu marido e filhos est?o', '12', 'pontedemadison.jpg', '', 1, 2, 2),
(39, 'Di?rio de uma Paix?o', '2004-06-25', '02:01:00', '  O filme conta a hist?ria de Noah Calhoun (Ryan Gosling) e Allie Hamilton (Rachel McAdams), que se apaixonam no ver?o de 1940. Os dois s?o de mundos diferentes e a fam?lia de Allie n?o aprova o relacionamento, ent?o eles se separam. Anos depois, All', '14', 'diariodeumapaixao.jpg', '', 1, 2, 2),
(40, 'Uma Linda Mulher', '1990-03-23', '01:59:00', ' O filme conta a hist?ria de Edward Lewis (Richard Gere), um rico empres?rio que est? em Los Angeles a neg?cios e acaba se perdendo na cidade. Ele conhece Vivian Ward (Julia Roberts), uma prostituta que lhe oferece ajuda para encontrar o caminho de v', '12', 'umalindamulher.webp', '', 1, 2, 2),
(41, 'Orgulho e Preconceito', '2005-09-16', '02:07:00', '  O filme conta a hist?ria das irm?s Bennet, que vivem na Inglaterra rural no final do s?culo XVIII. Quando o rico e misterioso Mr. Bingley aluga uma propriedade pr?xima, as irm?s se preparam para o baile que ser? realizado em sua honra. ? l? que Eli', '12', 'orgulho-e-preconceito-19.jpg', '', 1, 2, 2),
(42, '10 Coisas que Eu Odeio em Voce', '1999-03-31', '01:37:00', '  Cameron James, um estudante novo na escola secund?ria Padua, se apaixona por Bianca Stratford. No entanto, o pai super protetor de Bianca estabeleceu uma regra que ela n?o pode namorar a menos que sua irm? mais velha, a durona Kat, tamb?m esteja na', '10', '10-coisas-que-eu-odeio-em-voce.png', '', 1, 2, 2),
(43, 'Como Se Fosse a Primeira Vez', '2004-02-13', '01:39:00', '  Henry Roth ? um veterin?rio marinho que vive no Hava? e se apaixona por Lucy Whitmore, uma mulher que sofre de perda de mem?ria de curto prazo e acorda todas as manh?s sem se lembrar do dia anterior. Henry tem que conquist?-la todos os dias e faz?-', '10', 'comosefosseaprimeriavez.jpg', '', 1, 2, 2),
(44, 'Os Segredos de Brokeback Mountain', '2005-12-02', '02:14:00', '  Ennis Del Mar e Jack Twist s?o contratados para trabalhar como pastores em Brokeback Mountain. Durante o isolamento e a solid?o do trabalho, eles se aproximam e se apaixonam, iniciando um relacionamento secreto que dura anos. Ap?s um longo per?odo ', '14', 'O-Segredo-de-Brokeback-Mountain.webp', '', 1, 2, 2);


-- -----------------------------------------------------
-- Table `resenha_de_filme`.`favorito`
-- -----------------------------------------------------
DROP TABLE IF EXISTS `resenha_de_filme`.`favorito` ;

CREATE TABLE IF NOT EXISTS `resenha_de_filme`.`favorito` (
  `id_favorito` INT NOT NULL AUTO_INCREMENT,
  `favorito` TINYINT(2) NULL DEFAULT NULL COMMENT 'inativo\nativo',
  `fk_usuario_id_usuario` INT NOT NULL,
  PRIMARY KEY (`id_favorito`, `fk_usuario_id_usuario`),
  INDEX `fk_favorito_usuario1_idx` (`fk_usuario_id_usuario` ASC) ,
  CONSTRAINT `fk_favorito_usuario1`
    FOREIGN KEY (`fk_usuario_id_usuario`)
    REFERENCES `resenha_de_filme`.`usuario` (`id_usuario`)
    ON DELETE NO ACTION
    ON UPDATE NO ACTION)
ENGINE = InnoDB;


-- -----------------------------------------------------
-- Table `resenha_de_filme`.`resenha`
-- -----------------------------------------------------
DROP TABLE IF EXISTS `resenha_de_filme`.`resenha` ;

CREATE TABLE IF NOT EXISTS `resenha_de_filme`.`resenha` (
  `id_resenha` INT NOT NULL AUTO_INCREMENT,
  `avaliacao_res` VARCHAR(50) NULL DEFAULT NULL,
  `descricao_res` VARCHAR(1500) NULL DEFAULT NULL,
  `dt_hora_res` TIMESTAMP NULL  DEFAULT NULL,
  `denuncia_res` VARCHAR(50) NULL DEFAULT NULL,
  `situacao_res` VARCHAR(50) NULL DEFAULT NULL COMMENT 'ativo, inativo ou bloqueado\n',
  `fk_filme_id_filme` INT NOT NULL,
  `fk_usuario_id_usuario` INT NOT NULL,
  PRIMARY KEY (`id_resenha`, `fk_filme_id_filme`, `fk_usuario_id_usuario`),
  INDEX `fk_resenha_filme1_idx` (`fk_filme_id_filme` ASC) ,
  INDEX `fk_resenha_usuario1_idx` (`fk_usuario_id_usuario` ASC) ,
  CONSTRAINT `fk_resenha_filme1`
    FOREIGN KEY (`fk_filme_id_filme`)
    REFERENCES `resenha_de_filme`.`filme` (`id_filme`)
    ON DELETE NO ACTION
    ON UPDATE NO ACTION,
  CONSTRAINT `fk_resenha_usuario1`
    FOREIGN KEY (`fk_usuario_id_usuario`)
    REFERENCES `resenha_de_filme`.`usuario` (`id_usuario`)
    ON DELETE NO ACTION
    ON UPDATE NO ACTION)
ENGINE = InnoDB;


-- -----------------------------------------------------
-- Table `resenha_de_filme`.`filme_has_favorito`
-- -----------------------------------------------------
DROP TABLE IF EXISTS `resenha_de_filme`.`filme_has_favorito` ;

CREATE TABLE IF NOT EXISTS `resenha_de_filme`.`filme_has_favorito` (
  `fk_filme_id_filme` INT NOT NULL,
  `fk_favorito_id_favorito` INT NOT NULL,
  `fk_favorito_usuario_id_usuario` INT NOT NULL,
  PRIMARY KEY (`fk_filme_id_filme`, `fk_favorito_id_favorito`, `fk_favorito_usuario_id_usuario`),
  INDEX `fk_filme_has_favorito_favorito1_idx` (`fk_favorito_id_favorito` ASC, `fk_favorito_usuario_id_usuario` ASC) ,
  INDEX `fk_filme_has_favorito_filme1_idx` (`fk_filme_id_filme` ASC) ,
  CONSTRAINT `fk_filme_has_favorito_filme1`
    FOREIGN KEY (`fk_filme_id_filme`)
    REFERENCES `resenha_de_filme`.`filme` (`id_filme`)
    ON DELETE NO ACTION
    ON UPDATE NO ACTION,
  CONSTRAINT `fk_filme_has_favorito_favorito1`
    FOREIGN KEY (`fk_favorito_id_favorito` , `fk_favorito_usuario_id_usuario`)
    REFERENCES `resenha_de_filme`.`favorito` (`id_favorito` , `fk_usuario_id_usuario`)
    ON DELETE NO ACTION
    ON UPDATE NO ACTION)
ENGINE = InnoDB
DEFAULT CHARACTER SET = big5;


SET SQL_MODE=@OLD_SQL_MODE;
SET FOREIGN_KEY_CHECKS=@OLD_FOREIGN_KEY_CHECKS;
SET UNIQUE_CHECKS=@OLD_UNIQUE_CHECKS;
